id,name_en,name_hi,category,water_requirement_mm_per_season,irrigation_frequency_days,fertilizer_n_kg_per_ha,fertilizer_p_kg_per_ha,fertilizer_k_kg_per_ha,notes
777,Curry Leaves - Hybrid #77,करी पत्ता,Herb,568.5,6,89.2,22.2,99.7,"Estimated values — region, variety and management dependent. Validate locally before use."
508,Orange - Variety A,संतरा,Fruit,970.7,16,271.9,83.2,193.5,"Estimated values — region, variety and management dependent. Validate locally before use."
896,Curry Leaves #96,करी पत्ता,Herb,578.8,12,115.7,71.3,99.4,"Estimated values — region, variety and management dependent. Validate locally before use."
923,Rubber - Variety A #23,रबर,Plantation,901.7,15,253.4,176.0,235.0,"Estimated values — region, variety and management dependent. Validate locally before use."
34,Grapes - High Yielding,अंगूर,Fruit,1138.9,12,209.5,127.6,130.3,"Estimated values — region, variety and management dependent. Validate locally before use."
484,Oats - High Yielding,जई,Cereal,677.2,14,123.2,30.8,28.0,"Estimated values — region, variety and management dependent. Validate locally before use."
86,Vanilla,वैनिला,Spice,510.7,15,190.1,50.4,57.8,"Estimated values — region, variety and management dependent. Validate locally before use."
751,Pear #51,नाशपाती,Fruit,1282.5,17,209.5,141.7,294.8,"Estimated values — region, variety and management dependent. Validate locally before use."
355,Job's Tears - Short Duration,हज़ारमुखी,Cereal,485.8,12,152.8,32.5,63.1,"Estimated values — region, variety and management dependent. Validate locally before use."
524,Potato - High Yielding,आलू,Vegetable,487.9,5,131.9,54.6,150.9,"Estimated values — region, variety and management dependent. Validate locally before use."
185,Peas - Short Duration,मटर,Vegetable,676.1,10,163.0,83.3,138.8,"Estimated values — region, variety and management dependent. Validate locally before use."
810,Sesbania - Short Duration #10,सेसबानिया,Fodder,548.2,8,111.3,24.9,51.5,"Estimated values — region, variety and management dependent. Validate locally before use."
419,Mint - High Yielding,पुदीना,Herb,381.4,12,61.5,49.5,71.5,"Estimated values — region, variety and management dependent. Validate locally before use."
616,Coconut #16,नारियल,Plantation,1502.6,25,284.1,233.5,122.5,"Estimated values — region, variety and management dependent. Validate locally before use."
683,Tea - Variety A #83,चाय,Plantation,1711.1,16,198.5,148.3,308.9,"Estimated values — region, variety and management dependent. Validate locally before use."
502,Banana - Hybrid,केला,Fruit,1489.8,14,245.6,130.2,330.9,"Estimated values — region, variety and management dependent. Validate locally before use."
761,Garlic #61,लहसुन,Vegetable,330.2,5,173.6,70.3,170.7,"Estimated values — region, variety and management dependent. Validate locally before use."
50,Colocasia (Arbi) - Short Duration,अरबी,Vegetable,334.3,8,161.1,113.6,125.0,"Estimated values — region, variety and management dependent. Validate locally before use."
733,Castor - Variety A #33,अरंडी,Oilseed,305.9,21,51.6,33.3,27.4,"Estimated values — region, variety and management dependent. Validate locally before use."
337,Napier - Hybrid,नेपियर,Fodder,550.0,7,173.9,75.6,116.5,"Estimated values — region, variety and management dependent. Validate locally before use."
451,Lucerne (Alfalfa),अल्फाल्फा,Fodder,780.8,10,206.3,42.2,89.7,"Estimated values — region, variety and management dependent. Validate locally before use."
791,Amaranth (Chaulai) #91,चौलाई,Leafy Vegetable,637.8,7,179.7,64.5,76.1,"Estimated values — region, variety and management dependent. Validate locally before use."
351,Foxtail Millet,कुटकी,Cereal,332.5,17,172.5,30.6,32.6,"Estimated values — region, variety and management dependent. Validate locally before use."
468,Ridge Gourd - Variety A,तोरई,Vegetable,319.0,7,144.5,84.2,49.0,"Estimated values — region, variety and management dependent. Validate locally before use."
623,Guava - Variety A #23,अमरुद,Fruit,821.3,13,149.9,182.7,231.5,"Estimated values — region, variety and management dependent. Validate locally before use."
477,Wheat - Hybrid,गेहूं,Cereal,575.7,8,140.1,59.0,23.2,"Estimated values — region, variety and management dependent. Validate locally before use."
615,Linseed (Flax) - Short Duration #15,अलसी,Oilseed,366.7,13,122.4,31.2,57.8,"Estimated values — region, variety and management dependent. Validate locally before use."
555,Turmeric - Short Duration,हल्दी,Spice,913.6,8,157.8,45.0,86.9,"Estimated values — region, variety and management dependent. Validate locally before use."
366,Sugarcane,गन्ना,Cash Crop,490.0,11,33.2,65.5,155.2,"Estimated values — region, variety and management dependent. Validate locally before use."
771,Cauliflower #71,फूलगोभी,Vegetable,384.3,9,206.2,72.7,80.7,"Estimated values — region, variety and management dependent. Validate locally before use."
631,Apple #31,सेब,Fruit,1428.7,20,143.4,85.5,179.5,"Estimated values — region, variety and management dependent. Validate locally before use."
941,Pumpkin #41,कद्दू,Vegetable,658.6,9,207.3,110.2,109.6,"Estimated values — region, variety and management dependent. Validate locally before use."
798,Clove - Variety A #98,लौंग,Spice,383.5,7,117.1,75.7,43.4,"Estimated values — region, variety and management dependent. Validate locally before use."
497,Coconut - Hybrid,नारियल,Plantation,1126.5,19,222.2,236.4,159.9,"Estimated values — region, variety and management dependent. Validate locally before use."
925,Mustard Greens - Short Duration #25,सरसों का साग,Leafy Vegetable,472.1,6,68.2,72.0,116.3,"Estimated values — region, variety and management dependent. Validate locally before use."
370,Soybean - Short Duration,सोयाबीन,Oilseed,341.1,15,120.4,35.6,28.9,"Estimated values — region, variety and management dependent. Validate locally before use."
597,Rice - Hybrid #97,धान,Cereal,518.6,19,109.4,20.3,44.6,"Estimated values — region, variety and management dependent. Validate locally before use."
721,Barley #21,जौ,Cereal,605.4,8,95.5,37.3,45.8,"Estimated values — region, variety and management dependent. Validate locally before use."
54,Radish - High Yielding,मूली,Vegetable,613.7,6,114.7,97.3,78.2,"Estimated values — region, variety and management dependent. Validate locally before use."
427,Chickpea (Chana) - Hybrid,चना,Pulse,367.9,12,46.4,16.7,10.1,"Estimated values — region, variety and management dependent. Validate locally before use."
57,Cauliflower - Hybrid,फूलगोभी,Vegetable,344.0,5,166.0,50.6,95.8,"Estimated values — region, variety and management dependent. Validate locally before use."
265,Papaya - Short Duration,पपीता,Fruit,786.2,20,261.4,72.2,125.7,"Estimated values — region, variety and management dependent. Validate locally before use."
773,Spinach - Variety A #73,पालक,Vegetable,768.9,9,137.4,100.6,47.4,"Estimated values — region, variety and management dependent. Validate locally before use."
186,French Beans,फ्रेंच बीन्स,Vegetable,440.9,9,236.6,119.8,159.5,"Estimated values — region, variety and management dependent. Validate locally before use."
467,Bitter Gourd (Karela) - Hybrid,करेला,Vegetable,710.4,10,93.7,119.3,144.0,"Estimated values — region, variety and management dependent. Validate locally before use."
790,Buckwheat (Kuttu) - Short Duration #90,कुट्टू,Other,802.9,7,84.6,59.8,127.1,"Estimated values — region, variety and management dependent. Validate locally before use."
175,Cabbage - Short Duration,पत्तागोभी,Vegetable,792.3,6,203.4,107.0,132.8,"Estimated values — region, variety and management dependent. Validate locally before use."
151,Orange,संतरा,Fruit,1173.3,14,117.8,85.0,166.1,"Estimated values — region, variety and management dependent. Validate locally before use."
742,Guava - Hybrid #42,अमरुद,Fruit,1195.9,8,326.2,146.7,214.2,"Estimated values — region, variety and management dependent. Validate locally before use."
114,Kodo Millet - High Yielding,कोदो,Cereal,389.7,8,173.7,46.1,65.3,"Estimated values — region, variety and management dependent. Validate locally before use."
429,Black Gram (Urad) - High Yielding,उड़द,Pulse,363.8,13,22.4,20.4,18.3,"Estimated values — region, variety and management dependent. Validate locally before use."
966,Groundnut (Peanut) #66,मूँगफली,Oilseed,335.9,13,40.9,21.3,67.0,"Estimated values — region, variety and management dependent. Validate locally before use."
19,Castor - High Yielding,अरंडी,Oilseed,428.5,19,79.9,26.6,79.9,"Estimated values — region, variety and management dependent. Validate locally before use."
190,Pigeon Pea (Tur/Arhar) - Short Duration,अरहर/तुअर,Pulse,454.5,12,18.5,12.4,36.1,"Estimated values — region, variety and management dependent. Validate locally before use."
415,Broccoli - Short Duration,ब्रोकली,Vegetable,772.4,8,155.9,96.3,52.5,"Estimated values — region, variety and management dependent. Validate locally before use."
590,Kodo Millet - Short Duration,कोदो,Cereal,621.2,18,168.9,36.8,39.3,"Estimated values — region, variety and management dependent. Validate locally before use."
667,Black Gram (Urad) - Hybrid #67,उड़द,Pulse,541.2,19,21.4,11.8,21.6,"Estimated values — region, variety and management dependent. Validate locally before use."
764,Colocasia (Arbi) - High Yielding #64,अरबी,Vegetable,542.1,4,174.7,40.0,54.5,"Estimated values — region, variety and management dependent. Validate locally before use."
222,Hemp - Hybrid,भांग,Fiber,806.4,15,93.1,33.0,144.4,"Estimated values — region, variety and management dependent. Validate locally before use."
587,Ridge Gourd - Hybrid,तोरई,Vegetable,361.7,8,194.6,49.2,158.5,"Estimated values — region, variety and management dependent. Validate locally before use."
582,Watermelon - Hybrid,तरबूज,Fruit,946.1,12,230.8,167.4,280.2,"Estimated values — region, variety and management dependent. Validate locally before use."
300,Mint - Short Duration,पुदीना,Herb,358.6,9,43.6,79.6,51.2,"Estimated values — region, variety and management dependent. Validate locally before use."
639,Brinjal (Eggplant) - High Yielding #39,बैंगन,Vegetable,343.5,9,240.1,71.6,56.2,"Estimated values — region, variety and management dependent. Validate locally before use."
387,Sapota (Chikoo) - Hybrid,चीकू,Fruit,700.8,8,243.4,131.5,323.9,"Estimated values — region, variety and management dependent. Validate locally before use."
365,Oats - Short Duration,जई,Cereal,605.5,12,85.4,22.0,53.7,"Estimated values — region, variety and management dependent. Validate locally before use."
880,Garlic - Short Duration #80,लहसुन,Vegetable,764.5,7,205.1,108.4,145.5,"Estimated values — region, variety and management dependent. Validate locally before use."
335,Sunhemp - Short Duration,सनहेम्प,Fodder,486.3,12,219.6,68.6,156.1,"Estimated values — region, variety and management dependent. Validate locally before use."
17,Sunflower - Hybrid,सूरजमुखी,Oilseed,363.8,17,79.6,47.4,47.5,"Estimated values — region, variety and management dependent. Validate locally before use."
203,Clove - Variety A,लौंग,Spice,528.7,13,71.6,33.2,117.1,"Estimated values — region, variety and management dependent. Validate locally before use."
2,Rice - Hybrid,धान,Cereal,341.0,18,187.1,23.5,45.3,"Estimated values — region, variety and management dependent. Validate locally before use."
39,Plum - High Yielding,आलूबुखारा,Fruit,1263.1,19,201.8,64.1,264.7,"Estimated values — region, variety and management dependent. Validate locally before use."
291,Carrot,गाजर,Vegetable,326.2,6,195.0,59.0,111.1,"Estimated values — region, variety and management dependent. Validate locally before use."
494,Safflower - High Yielding,कुर्कुम,Oilseed,495.3,19,53.6,29.6,76.8,"Estimated values — region, variety and management dependent. Validate locally before use."
248,Cotton - Variety A,कपास,Fiber,570.4,9,178.6,78.3,51.0,"Estimated values — region, variety and management dependent. Validate locally before use."
507,Pineapple - Hybrid,अनानास,Fruit,1275.9,8,102.6,88.8,227.7,"Estimated values — region, variety and management dependent. Validate locally before use."
897,Chilli (Hot Pepper) - Hybrid #97,मिर्च,Spice,702.4,18,119.7,57.7,107.1,"Estimated values — region, variety and management dependent. Validate locally before use."
714,Honey - High Yielding #14,शहद,Other,294.2,7,176.0,74.2,189.4,"Estimated values — region, variety and management dependent. Validate locally before use."
892,Spinach - Hybrid #92,पालक,Vegetable,742.2,4,236.3,84.0,156.2,"Estimated values — region, variety and management dependent. Validate locally before use."
77,Amaranth (Chaulai) - Hybrid,चौलाई,Leafy Vegetable,721.8,5,190.9,26.9,117.0,"Estimated values — region, variety and management dependent. Validate locally before use."
912,Turmeric - Hybrid #12,हल्दी,Spice,575.6,17,179.7,65.7,41.7,"Estimated values — region, variety and management dependent. Validate locally before use."
793,Turmeric - Variety A #93,हल्दी,Spice,591.6,17,96.3,75.2,22.3,"Estimated values — region, variety and management dependent. Validate locally before use."
509,Lemon - High Yielding,नींबू,Fruit,909.4,17,247.1,125.1,186.2,"Estimated values — region, variety and management dependent. Validate locally before use."
178,Spinach - Variety A,पालक,Vegetable,888.5,5,177.2,58.7,164.1,"Estimated values — region, variety and management dependent. Validate locally before use."
843,Cotton - Variety A #43,कपास,Fiber,625.6,8,123.5,50.1,119.5,"Estimated values — region, variety and management dependent. Validate locally before use."
201,Cardamom,इलायची,Spice,395.7,8,202.6,84.6,75.6,"Estimated values — region, variety and management dependent. Validate locally before use."
766,Turnip #66,शलजम,Vegetable,692.8,7,241.6,69.1,48.7,"Estimated values — region, variety and management dependent. Validate locally before use."
910,Amaranth (Chaulai) - Short Duration #10,चौलाई,Leafy Vegetable,758.0,5,109.7,65.0,32.8,"Estimated values — region, variety and management dependent. Validate locally before use."
294,Cabbage - High Yielding,पत्तागोभी,Vegetable,868.3,7,158.5,62.5,101.1,"Estimated values — region, variety and management dependent. Validate locally before use."
539,Curry Leaves - High Yielding,करी पत्ता,Herb,446.5,7,101.4,66.4,72.7,"Estimated values — region, variety and management dependent. Validate locally before use."
25,Mango - Short Duration,आम,Fruit,1194.3,18,165.8,125.1,144.7,"Estimated values — region, variety and management dependent. Validate locally before use."
695,Pulses (Mixed) - Short Duration #95,मिश्रित दालें,Pulse,330.7,16,35.7,35.9,39.0,"Estimated values — region, variety and management dependent. Validate locally before use."
211,Mustard Greens,सरसों का साग,Leafy Vegetable,742.1,7,99.2,56.6,84.8,"Estimated values — region, variety and management dependent. Validate locally before use."
425,Cluster Bean (Guar) - Short Duration,ग्वार,Vegetable,850.3,7,143.9,94.6,145.9,"Estimated values — region, variety and management dependent. Validate locally before use."
529,Carrot - High Yielding,गाजर,Vegetable,789.1,8,165.9,79.6,149.6,"Estimated values — region, variety and management dependent. Validate locally before use."
35,Pomegranate - Short Duration,अनार,Fruit,647.2,12,105.3,133.1,247.1,"Estimated values — region, variety and management dependent. Validate locally before use."
929,Sesbania - High Yielding #29,सेसबानिया,Fodder,610.9,11,195.8,24.3,59.4,"Estimated values — region, variety and management dependent. Validate locally before use."
399,Strawberry - High Yielding,स्ट्रॉबेरी,Fruit,1266.8,9,334.2,194.3,331.5,"Estimated values — region, variety and management dependent. Validate locally before use."
608,Soybean - Variety A #8,सोयाबीन,Oilseed,439.8,16,52.1,30.7,66.2,"Estimated values — region, variety and management dependent. Validate locally before use."
299,Coriander - High Yielding,धनिया,Herb,288.8,11,108.5,75.1,55.6,"Estimated values — region, variety and management dependent. Validate locally before use."
849,Sesame (Til) - High Yielding #49,तिल,Oilseed,312.0,20,72.4,41.1,51.3,"Estimated values — region, variety and management dependent. Validate locally before use."
669,Horse Gram - High Yielding #69,कुल्थी,Pulse,320.7,14,13.9,37.1,31.4,"Estimated values — region, variety and management dependent. Validate locally before use."
283,Okra (Bhindi) - Variety A,भिन्डी,Vegetable,862.8,6,175.0,91.5,92.6,"Estimated values — region, variety and management dependent. Validate locally before use."
940,Muskmelon - Short Duration #40,खरबूजा,Fruit,1003.4,9,342.4,154.6,144.3,"Estimated values — region, variety and management dependent. Validate locally before use."
945,Arrowroot - Short Duration #45,अरारुट,Other,575.4,7,143.8,64.1,153.5,"Estimated values — region, variety and management dependent. Validate locally before use."
607,Tobacco - Hybrid #7,तंबाकू,Cash Crop,308.9,19,125.2,27.1,41.2,"Estimated values — region, variety and management dependent. Validate locally before use."
960,Oats - Short Duration #60,जई,Cereal,453.9,14,109.7,59.8,32.0,"Estimated values — region, variety and management dependent. Validate locally before use."
935,Aloe Vera - Short Duration #35,घृतकुमारी,Other,638.7,7,158.8,67.6,199.2,"Estimated values — region, variety and management dependent. Validate locally before use."
732,Safflower - Hybrid #32,कुर्कुम,Oilseed,486.9,19,139.5,39.9,59.2,"Estimated values — region, variety and management dependent. Validate locally before use."
288,Colocasia (Arbi) - Variety A,अरबी,Vegetable,762.5,10,205.6,82.1,145.9,"Estimated values — region, variety and management dependent. Validate locally before use."
528,Turnip - Variety A,शलजम,Vegetable,671.6,10,141.0,40.8,61.8,"Estimated values — region, variety and management dependent. Validate locally before use."
808,Lucerne (Alfalfa) - Variety A #8,अल्फाल्फा,Fodder,858.0,6,121.7,52.4,73.9,"Estimated values — region, variety and management dependent. Validate locally before use."
230,Ridge Gourd - Short Duration,तोरई,Vegetable,336.5,7,224.0,74.1,57.3,"Estimated values — region, variety and management dependent. Validate locally before use."
437,Ginger - Hybrid,अदरक,Spice,915.8,9,152.7,62.7,109.2,"Estimated values — region, variety and management dependent. Validate locally before use."
29,Litchi - High Yielding,लिची,Fruit,799.3,20,301.7,85.9,160.2,"Estimated values — region, variety and management dependent. Validate locally before use."
375,Safflower - Short Duration,कुर्कुम,Oilseed,569.6,21,102.9,37.9,35.9,"Estimated values — region, variety and management dependent. Validate locally before use."
820,Watermelon - Short Duration #20,तरबूज,Fruit,1241.8,14,195.4,173.3,107.7,"Estimated values — region, variety and management dependent. Validate locally before use."
317,Turmeric - Hybrid,हल्दी,Spice,329.3,11,132.8,118.9,117.7,"Estimated values — region, variety and management dependent. Validate locally before use."
561,Nutmeg,जायफल,Spice,372.2,12,198.6,33.7,159.2,"Estimated values — region, variety and management dependent. Validate locally before use."
242,Sorghum (Jowar) - Hybrid,ज्वार,Cereal,440.7,16,140.9,26.2,48.9,"Estimated values — region, variety and management dependent. Validate locally before use."
150,Pineapple - Short Duration,अनानास,Fruit,1158.3,14,172.8,84.7,276.7,"Estimated values — region, variety and management dependent. Validate locally before use."
517,Cherry - Hybrid,चेरी,Fruit,1123.0,13,107.3,142.1,149.3,"Estimated values — region, variety and management dependent. Validate locally before use."
418,Coriander - Variety A,धनिया,Herb,282.2,11,29.1,45.7,99.0,"Estimated values — region, variety and management dependent. Validate locally before use."
661,Peas #61,मटर,Vegetable,697.2,8,161.7,47.8,73.1,"Estimated values — region, variety and management dependent. Validate locally before use."
199,Ginger - High Yielding,अदरक,Spice,932.1,10,149.3,55.2,134.6,"Estimated values — region, variety and management dependent. Validate locally before use."
586,Bitter Gourd (Karela),करेला,Vegetable,333.3,10,176.4,69.4,80.8,"Estimated values — region, variety and management dependent. Validate locally before use."
326,Tea,चाय,Plantation,1495.3,8,141.0,177.5,209.0,"Estimated values — region, variety and management dependent. Validate locally before use."
824,Bitter Gourd (Karela) - High Yielding #24,करेला,Vegetable,824.9,5,100.9,40.4,135.5,"Estimated values — region, variety and management dependent. Validate locally before use."
703,Pumpkin - Variety A #3,कद्दू,Vegetable,456.7,9,241.9,92.1,70.1,"Estimated values — region, variety and management dependent. Validate locally before use."
950,Job's Tears - Short Duration #50,हज़ारमुखी,Cereal,545.3,18,162.2,31.4,64.6,"Estimated values — region, variety and management dependent. Validate locally before use."
516,Apricot,खुबानी,Fruit,1454.3,10,299.4,144.5,146.6,"Estimated values — region, variety and management dependent. Validate locally before use."
865,Orange - Short Duration #65,संतरा,Fruit,824.0,8,104.1,128.4,327.3,"Estimated values — region, variety and management dependent. Validate locally before use."
837,Sorghum (Jowar) - Hybrid #37,ज्वार,Cereal,558.2,8,181.0,54.3,28.4,"Estimated values — region, variety and management dependent. Validate locally before use."
878,Okra (Bhindi) - Variety A #78,भिन्डी,Vegetable,538.5,5,150.2,102.7,117.2,"Estimated values — region, variety and management dependent. Validate locally before use."
360,Maize - Short Duration,मक्का,Cereal,588.5,10,171.6,39.9,50.9,"Estimated values — region, variety and management dependent. Validate locally before use."
595,Honey - Short Duration,शहद,Other,433.3,19,74.7,78.5,98.1,"Estimated values — region, variety and management dependent. Validate locally before use."
789,Cowpea (Lobia) - High Yielding #89,लोबिया,Pulse,455.0,12,52.0,30.7,18.9,"Estimated values — region, variety and management dependent. Validate locally before use."
189,Chickpea (Chana) - High Yielding,चना,Pulse,338.0,15,31.5,17.3,22.4,"Estimated values — region, variety and management dependent. Validate locally before use."
67,French Beans - Hybrid,फ्रेंच बीन्स,Vegetable,321.6,6,179.0,51.8,60.4,"Estimated values — region, variety and management dependent. Validate locally before use."
356,Saffron,केसरी/जाफरान,Spice,813.9,12,215.6,33.1,86.7,"Estimated values — region, variety and management dependent. Validate locally before use."
800,Vanilla - Short Duration #100,वैनिला,Spice,328.0,12,147.4,97.4,132.6,"Estimated values — region, variety and management dependent. Validate locally before use."
903,Chickpea (Chana) - Variety A #3,चना,Pulse,529.4,17,25.7,16.6,27.2,"Estimated values — region, variety and management dependent. Validate locally before use."
921,Tea #21,चाय,Plantation,1482.9,24,321.8,207.1,190.0,"Estimated values — region, variety and management dependent. Validate locally before use."
943,Bitter Gourd (Karela) - Variety A #43,करेला,Vegetable,782.8,7,132.3,73.0,64.9,"Estimated values — region, variety and management dependent. Validate locally before use."
331,Maize(Fodder),चारे का मक्का,Fodder,664.7,11,110.3,36.7,155.3,"Estimated values — region, variety and management dependent. Validate locally before use."
728,Groundnut (Peanut) - Variety A #28,मूँगफली,Oilseed,598.8,17,75.9,25.7,76.9,"Estimated values — region, variety and management dependent. Validate locally before use."
397,Apricot - Hybrid,खुबानी,Fruit,1212.6,20,334.2,187.0,143.8,"Estimated values — region, variety and management dependent. Validate locally before use."
464,Muskmelon - High Yielding,खरबूजा,Fruit,597.2,21,124.1,72.3,148.0,"Estimated values — region, variety and management dependent. Validate locally before use."
394,Pear - High Yielding,नाशपाती,Fruit,1461.0,21,139.5,147.9,320.2,"Estimated values — region, variety and management dependent. Validate locally before use."
312,Horse Gram - Hybrid,कुल्थी,Pulse,254.9,11,27.2,32.0,28.8,"Estimated values — region, variety and management dependent. Validate locally before use."
681,Vanilla #81,वैनिला,Spice,581.2,13,200.1,53.1,62.8,"Estimated values — region, variety and management dependent. Validate locally before use."
745,Pineapple - Short Duration #45,अनानास,Fruit,527.5,20,289.6,56.9,313.0,"Estimated values — region, variety and management dependent. Validate locally before use."
922,Coffee - Hybrid #22,कॉफ़ी,Plantation,1387.0,25,133.4,69.8,149.0,"Estimated values — region, variety and management dependent. Validate locally before use."
462,Moringa (Drumstick) - Hybrid,सहजन/मोरिंगा,Vegetable,546.8,4,170.0,62.0,196.4,"Estimated values — region, variety and management dependent. Validate locally before use."
523,Garlic - Variety A,लहसुन,Vegetable,723.6,6,236.2,87.2,147.5,"Estimated values — region, variety and management dependent. Validate locally before use."
632,Pear - Hybrid #32,नाशपाती,Fruit,1211.9,12,328.5,54.2,275.1,"Estimated values — region, variety and management dependent. Validate locally before use."
491,Mustard / Rapeseed,सरसों,Oilseed,374.0,20,89.6,38.5,47.5,"Estimated values — region, variety and management dependent. Validate locally before use."
196,Amaranth (Chaulai),चौलाई,Leafy Vegetable,490.7,5,136.2,79.6,49.5,"Estimated values — region, variety and management dependent. Validate locally before use."
257,Castor - Hybrid,अरंडी,Oilseed,414.1,21,63.0,36.8,60.1,"Estimated values — region, variety and management dependent. Validate locally before use."
694,Napier - High Yielding #94,नेपियर,Fodder,686.1,8,197.1,58.8,121.3,"Estimated values — region, variety and management dependent. Validate locally before use."
741,Papaya #41,पपीता,Fruit,1031.6,14,137.3,63.5,227.9,"Estimated values — region, variety and management dependent. Validate locally before use."
578,Aloe Vera - Variety A,घृतकुमारी,Other,810.6,17,142.6,17.3,142.7,"Estimated values — region, variety and management dependent. Validate locally before use."
158,Plum - Variety A,आलूबुखारा,Fruit,1141.7,20,243.8,192.6,349.9,"Estimated values — region, variety and management dependent. Validate locally before use."
613,Safflower - Variety A #13,कुर्कुम,Oilseed,421.3,17,95.6,36.5,25.7,"Estimated values — region, variety and management dependent. Validate locally before use."
393,Apple - Variety A,सेब,Fruit,854.6,18,218.1,152.2,134.4,"Estimated values — region, variety and management dependent. Validate locally before use."
970,Safflower - Short Duration #70,कुर्कुम,Oilseed,332.2,17,63.3,49.5,67.3,"Estimated values — region, variety and management dependent. Validate locally before use."
689,Lucerne (Alfalfa) - High Yielding #89,अल्फाल्फा,Fodder,486.9,8,193.9,35.0,94.8,"Estimated values — region, variety and management dependent. Validate locally before use."
362,Pearl Millet (Bajra) - Hybrid,बाजरा,Cereal,482.9,10,105.8,34.1,23.0,"Estimated values — region, variety and management dependent. Validate locally before use."
817,Hemp - Hybrid #17,भांग,Fiber,564.2,8,145.6,58.5,114.2,"Estimated values — region, variety and management dependent. Validate locally before use."
402,Okra (Bhindi) - Hybrid,भिन्डी,Vegetable,863.1,10,165.7,61.8,169.4,"Estimated values — region, variety and management dependent. Validate locally before use."
93,Maize(Fodder) - Variety A,चारे का मक्का,Fodder,599.8,7,165.0,20.3,130.1,"Estimated values — region, variety and management dependent. Validate locally before use."
918,Nutmeg - Variety A #18,जायफल,Spice,460.0,8,169.7,100.4,120.0,"Estimated values — region, variety and management dependent. Validate locally before use."
490,Groundnut (Peanut) - Short Duration,मूँगफली,Oilseed,382.8,14,88.4,22.3,35.1,"Estimated values — region, variety and management dependent. Validate locally before use."
452,Napier Grass - Hybrid,नेपियर घास,Fodder,681.3,8,178.6,21.0,106.4,"Estimated values — region, variety and management dependent. Validate locally before use."
252,Groundnut (Peanut) - Hybrid,मूँगफली,Oilseed,427.2,19,84.2,28.2,65.3,"Estimated values — region, variety and management dependent. Validate locally before use."
654,Spinach - High Yielding #54,पालक,Vegetable,491.2,4,92.6,53.6,100.1,"Estimated values — region, variety and management dependent. Validate locally before use."
770,Cabbage - Short Duration #70,पत्तागोभी,Vegetable,628.6,6,199.4,43.7,66.3,"Estimated values — region, variety and management dependent. Validate locally before use."
671,Buckwheat (Kuttu) #71,कुट्टू,Other,296.2,19,100.8,114.4,41.8,"Estimated values — region, variety and management dependent. Validate locally before use."
130,Jute - Short Duration,जूट,Fiber,492.1,11,200.9,62.1,73.2,"Estimated values — region, variety and management dependent. Validate locally before use."
638,Tomato - Variety A #38,टमाटर,Vegetable,850.3,10,98.9,82.1,98.4,"Estimated values — region, variety and management dependent. Validate locally before use."
992,Apricot - Hybrid #92,खुबानी,Fruit,514.5,19,145.1,110.2,184.4,"Estimated values — region, variety and management dependent. Validate locally before use."
343,Moringa (Drumstick) - Variety A,सहजन/मोरिंगा,Vegetable,579.5,8,138.6,110.2,164.8,"Estimated values — region, variety and management dependent. Validate locally before use."
309,Pigeon Pea (Tur/Arhar) - High Yielding,अरहर/तुअर,Pulse,306.2,20,14.3,39.2,12.0,"Estimated values — region, variety and management dependent. Validate locally before use."
137,Safflower - Hybrid,कुर्कुम,Oilseed,507.0,13,61.6,34.5,63.5,"Estimated values — region, variety and management dependent. Validate locally before use."
89,Coffee - High Yielding,कॉफ़ी,Plantation,1522.4,16,264.3,176.6,200.6,"Estimated values — region, variety and management dependent. Validate locally before use."
328,Rubber - Variety A,रबर,Plantation,1549.3,21,129.7,63.4,333.6,"Estimated values — region, variety and management dependent. Validate locally before use."
476,Honey,शहद,Other,917.2,12,89.1,91.4,160.2,"Estimated values — region, variety and management dependent. Validate locally before use."
982,Sapota (Chikoo) - Hybrid #82,चीकू,Fruit,610.8,7,242.8,175.4,264.5,"Estimated values — region, variety and management dependent. Validate locally before use."
851,Safflower #51,कुर्कुम,Oilseed,496.1,15,98.8,46.9,24.7,"Estimated values — region, variety and management dependent. Validate locally before use."
893,Fenugreek (Methi) - Variety A #93,मेथी,Leafy Vegetable,579.6,7,102.2,77.8,47.7,"Estimated values — region, variety and management dependent. Validate locally before use."
376,Castor,अरंडी,Oilseed,496.7,19,97.8,41.6,55.0,"Estimated values — region, variety and management dependent. Validate locally before use."
179,Fenugreek (Methi) - High Yielding,मेथी,Leafy Vegetable,321.8,8,120.9,74.8,58.1,"Estimated values — region, variety and management dependent. Validate locally before use."
27,Papaya - Hybrid,पपीता,Fruit,618.8,12,290.6,130.9,294.7,"Estimated values — region, variety and management dependent. Validate locally before use."
350,Arrowroot - Short Duration,अरारुट,Other,684.1,20,186.3,14.5,174.1,"Estimated values — region, variety and management dependent. Validate locally before use."
500,Almond - Short Duration,बादाम,Nut,1219.0,20,228.1,46.7,146.6,"Estimated values — region, variety and management dependent. Validate locally before use."
475,Saffron - Short Duration,केसरी/जाफरान,Spice,509.5,16,83.3,103.5,90.0,"Estimated values — region, variety and management dependent. Validate locally before use."
618,Cashew - Variety A #18,काजू,Nut,1305.1,17,107.0,143.1,91.1,"Estimated values — region, variety and management dependent. Validate locally before use."
698,Hemp - Variety A #98,भांग,Fiber,740.2,11,127.8,42.6,81.8,"Estimated values — region, variety and management dependent. Validate locally before use."
51,Cassava (Tapioca),कसावा,Vegetable,334.1,8,93.6,54.9,135.2,"Estimated values — region, variety and management dependent. Validate locally before use."
212,Maize(Fodder) - Hybrid,चारे का मक्का,Fodder,717.7,12,205.5,38.1,89.0,"Estimated values — region, variety and management dependent. Validate locally before use."
382,Mango - Hybrid,आम,Fruit,814.5,9,214.9,130.0,236.6,"Estimated values — region, variety and management dependent. Validate locally before use."
884,Cassava (Tapioca) - High Yielding #84,कसावा,Vegetable,794.0,7,237.4,74.8,50.3,"Estimated values — region, variety and management dependent. Validate locally before use."
174,Beetroot - High Yielding,चुकंदर,Vegetable,763.6,10,150.5,114.7,121.2,"Estimated values — region, variety and management dependent. Validate locally before use."
148,Litchi - Variety A,लिची,Fruit,1214.1,19,151.9,81.7,265.1,"Estimated values — region, variety and management dependent. Validate locally before use."
420,Curry Leaves - Short Duration,करी पत्ता,Herb,469.1,8,92.3,37.7,99.8,"Estimated values — region, variety and management dependent. Validate locally before use."
962,Cotton - Hybrid #62,कपास,Fiber,724.8,11,209.8,29.5,127.4,"Estimated values — region, variety and management dependent. Validate locally before use."
149,Sapota (Chikoo) - High Yielding,चीकू,Fruit,572.8,9,238.0,73.5,202.1,"Estimated values — region, variety and management dependent. Validate locally before use."
976,Almond #76,बादाम,Nut,941.6,21,80.2,106.6,163.4,"Estimated values — region, variety and management dependent. Validate locally before use."
80,Ginger - Short Duration,अदरक,Spice,703.6,11,48.0,63.6,113.6,"Estimated values — region, variety and management dependent. Validate locally before use."
776,Mint #76,पुदीना,Herb,219.4,10,103.9,43.8,65.9,"Estimated values — region, variety and management dependent. Validate locally before use."
303,Capsicum (Bell Pepper) - Variety A,शिमला मिर्च,Vegetable,755.3,7,156.3,40.4,52.7,"Estimated values — region, variety and management dependent. Validate locally before use."
996,Brinjal (Eggplant) #96,बैंगन,Vegetable,759.4,9,123.2,116.9,111.6,"Estimated values — region, variety and management dependent. Validate locally before use."
526,Colocasia (Arbi),अरबी,Vegetable,592.0,8,197.9,91.6,200.0,"Estimated values — region, variety and management dependent. Validate locally before use."
775,Coriander - Short Duration #75,धनिया,Herb,463.4,12,33.5,44.9,68.3,"Estimated values — region, variety and management dependent. Validate locally before use."
232,Foxtail Millet - Hybrid,कुटकी,Cereal,326.3,11,154.9,43.4,62.7,"Estimated values — region, variety and management dependent. Validate locally before use."
626,Pineapple #26,अनानास,Fruit,952.6,13,167.6,53.9,249.3,"Estimated values — region, variety and management dependent. Validate locally before use."
801,Betel Leaf #1,पान,Cash Crop,874.5,11,108.3,73.0,78.0,"Estimated values — region, variety and management dependent. Validate locally before use."
562,Vanilla - Hybrid,वैनिला,Spice,827.2,9,155.5,87.7,32.3,"Estimated values — region, variety and management dependent. Validate locally before use."
510,Grapes - Short Duration,अंगूर,Fruit,427.0,8,173.9,188.1,121.5,"Estimated values — region, variety and management dependent. Validate locally before use."
841,Oats #41,जई,Cereal,657.6,15,136.7,51.0,41.9,"Estimated values — region, variety and management dependent. Validate locally before use."
495,Castor - Short Duration,अरंडी,Oilseed,360.3,15,57.8,31.9,39.1,"Estimated values — region, variety and management dependent. Validate locally before use."
120,Wheat - Short Duration,गेहूं,Cereal,379.3,16,162.9,45.1,26.1,"Estimated values — region, variety and management dependent. Validate locally before use."
478,Rice - Variety A,धान,Cereal,474.8,20,89.1,44.2,56.8,"Estimated values — region, variety and management dependent. Validate locally before use."
145,Banana - Short Duration,केला,Fruit,673.0,15,291.1,140.9,297.7,"Estimated values — region, variety and management dependent. Validate locally before use."
30,Sapota (Chikoo) - Short Duration,चीकू,Fruit,1024.1,8,121.4,122.9,117.3,"Estimated values — region, variety and management dependent. Validate locally before use."
911,Basil (Tulsi) #11,तुलसी,Herb,410.3,10,67.8,47.9,65.3,"Estimated values — region, variety and management dependent. Validate locally before use."
122,Maize - Hybrid,मक्का,Cereal,526.4,7,121.7,37.1,42.2,"Estimated values — region, variety and management dependent. Validate locally before use."
606,Jute #6,जूट,Fiber,754.4,12,132.4,34.0,153.2,"Estimated values — region, variety and management dependent. Validate locally before use."
62,Mint - Hybrid,पुदीना,Herb,312.7,7,91.8,24.3,79.8,"Estimated values — region, variety and management dependent. Validate locally before use."
872,Plum - Hybrid #72,आलूबुखारा,Fruit,1320.9,16,124.4,70.1,219.3,"Estimated values — region, variety and management dependent. Validate locally before use."
573,Sunhemp - Variety A,सनहेम्प,Fodder,877.2,6,62.7,24.1,71.5,"Estimated values — region, variety and management dependent. Validate locally before use."
6,Finger Millet (Ragi),रागी,Cereal,411.1,10,194.9,33.5,25.6,"Estimated values — region, variety and management dependent. Validate locally before use."
927,Lucerne (Alfalfa) - Hybrid #27,अल्फाल्फा,Fodder,655.2,12,202.3,42.9,74.4,"Estimated values — region, variety and management dependent. Validate locally before use."
640,Okra (Bhindi) - Short Duration #40,भिन्डी,Vegetable,481.1,5,245.9,98.6,109.9,"Estimated values — region, variety and management dependent. Validate locally before use."
440,Cinnamon - Short Duration,दालचीनी,Spice,468.7,10,94.1,90.8,165.0,"Estimated values — region, variety and management dependent. Validate locally before use."
730,Sesame (Til) - Short Duration #30,तिल,Oilseed,363.4,10,99.0,25.1,42.0,"Estimated values — region, variety and management dependent. Validate locally before use."
194,Cowpea (Lobia) - High Yielding,लोबिया,Pulse,546.3,14,41.9,22.7,17.5,"Estimated values — region, variety and management dependent. Validate locally before use."
753,Plum - Variety A #53,आलूबुखारा,Fruit,543.7,21,222.0,183.1,210.2,"Estimated values — region, variety and management dependent. Validate locally before use."
627,Orange - Hybrid #27,संतरा,Fruit,432.2,19,294.6,58.8,347.9,"Estimated values — region, variety and management dependent. Validate locally before use."
572,Sesbania - Hybrid,सेसबानिया,Fodder,830.4,11,118.5,61.0,131.5,"Estimated values — region, variety and management dependent. Validate locally before use."
18,Safflower - Variety A,कुर्कुम,Oilseed,379.5,13,114.5,36.2,64.8,"Estimated values — region, variety and management dependent. Validate locally before use."
743,Litchi - Variety A #43,लिची,Fruit,1475.0,11,216.1,65.0,143.7,"Estimated values — region, variety and management dependent. Validate locally before use."
915,Cardamom - Short Duration #15,इलायची,Spice,484.0,11,124.8,81.3,85.9,"Estimated values — region, variety and management dependent. Validate locally before use."
511,Pomegranate,अनार,Fruit,1314.4,18,135.4,96.8,213.8,"Estimated values — region, variety and management dependent. Validate locally before use."
574,Sorghum (forage) - High Yielding,ज्वार (चारा),Fodder,419.9,5,211.8,43.9,74.4,"Estimated values — region, variety and management dependent. Validate locally before use."
139,Linseed (Flax) - High Yielding,अलसी,Oilseed,388.9,15,57.9,20.4,52.0,"Estimated values — region, variety and management dependent. Validate locally before use."
192,Green Gram (Moong) - Hybrid,मूंग,Pulse,441.4,17,22.8,10.3,34.1,"Estimated values — region, variety and management dependent. Validate locally before use."
5,Pearl Millet (Bajra) - Short Duration,बाजरा,Cereal,623.8,7,171.1,26.4,45.4,"Estimated values — region, variety and management dependent. Validate locally before use."
444,Betel Leaf - High Yielding,पान,Cash Crop,501.7,16,128.5,106.1,45.8,"Estimated values — region, variety and management dependent. Validate locally before use."
21,Coconut,नारियल,Plantation,824.0,28,238.2,62.7,214.5,"Estimated values — region, variety and management dependent. Validate locally before use."
214,Napier Grass - High Yielding,नेपियर घास,Fodder,843.6,7,122.2,42.3,153.9,"Estimated values — region, variety and management dependent. Validate locally before use."
65,Capsicum (Bell Pepper) - Short Duration,शिमला मिर्च,Vegetable,887.9,5,206.0,84.1,108.4,"Estimated values — region, variety and management dependent. Validate locally before use."
412,Beetroot - Hybrid,चुकंदर,Vegetable,431.5,5,161.3,76.4,198.2,"Estimated values — region, variety and management dependent. Validate locally before use."
302,Chilli (Hot Pepper) - Hybrid,मिर्च,Spice,396.3,11,205.1,67.2,169.6,"Estimated values — region, variety and management dependent. Validate locally before use."
334,Sesbania - High Yielding,सेसबानिया,Fodder,747.0,12,92.0,28.1,48.9,"Estimated values — region, variety and management dependent. Validate locally before use."
193,Horse Gram - Variety A,कुल्थी,Pulse,520.4,20,37.3,12.2,38.4,"Estimated values — region, variety and management dependent. Validate locally before use."
665,Chickpea (Chana) - Short Duration #65,चना,Pulse,389.5,13,51.9,26.9,14.5,"Estimated values — region, variety and management dependent. Validate locally before use."
263,Mango - Variety A,आम,Fruit,1357.6,18,184.9,100.0,142.0,"Estimated values — region, variety and management dependent. Validate locally before use."
648,Carrot - Variety A #48,गाजर,Vegetable,877.8,10,200.5,91.1,181.9,"Estimated values — region, variety and management dependent. Validate locally before use."
811,Sunhemp #11,सनहेम्प,Fodder,885.8,5,160.3,32.6,115.5,"Estimated values — region, variety and management dependent. Validate locally before use."
233,Kodo Millet - Variety A,कोदो,Cereal,452.4,16,143.7,38.1,56.3,"Estimated values — region, variety and management dependent. Validate locally before use."
796,Cardamom #96,इलायची,Spice,682.6,16,75.4,92.5,54.8,"Estimated values — region, variety and management dependent. Validate locally before use."
682,Betel Leaf - Hybrid #82,पान,Cash Crop,796.6,21,68.3,51.0,74.2,"Estimated values — region, variety and management dependent. Validate locally before use."
805,Bamboo - Short Duration #5,बांस,Other,960.2,16,115.5,119.6,166.5,"Estimated values — region, variety and management dependent. Validate locally before use."
483,Barley - Variety A,जौ,Cereal,553.6,18,126.8,34.4,25.5,"Estimated values — region, variety and management dependent. Validate locally before use."
361,Sorghum (Jowar),ज्वार,Cereal,499.5,11,139.7,23.6,43.6,"Estimated values — region, variety and management dependent. Validate locally before use."
839,Finger Millet (Ragi) - High Yielding #39,रागी,Cereal,656.8,20,140.9,21.2,54.9,"Estimated values — region, variety and management dependent. Validate locally before use."
237,Saffron - Hybrid,केसरी/जाफरान,Spice,518.8,11,107.4,35.3,186.1,"Estimated values — region, variety and management dependent. Validate locally before use."
628,Lemon - Variety A #28,नींबू,Fruit,982.4,19,246.0,84.9,139.9,"Estimated values — region, variety and management dependent. Validate locally before use."
958,Finger Millet (Ragi) - Variety A #58,रागी,Cereal,457.0,15,136.4,27.7,70.5,"Estimated values — region, variety and management dependent. Validate locally before use."
583,Muskmelon - Variety A,खरबूजा,Fruit,583.7,9,287.4,181.0,283.2,"Estimated values — region, variety and management dependent. Validate locally before use."
273,Pomegranate - Variety A,अनार,Fruit,957.8,14,245.1,193.1,284.7,"Estimated values — region, variety and management dependent. Validate locally before use."
202,Cinnamon - Hybrid,दालचीनी,Spice,608.6,16,105.7,33.1,183.7,"Estimated values — region, variety and management dependent. Validate locally before use."
14,Groundnut (Peanut) - High Yielding,मूँगफली,Oilseed,438.7,14,139.0,39.2,53.4,"Estimated values — region, variety and management dependent. Validate locally before use."
428,Pigeon Pea (Tur/Arhar) - Variety A,अरहर/तुअर,Pulse,256.8,14,33.2,31.6,22.7,"Estimated values — region, variety and management dependent. Validate locally before use."
240,Rice - Short Duration,धान,Cereal,431.9,8,129.3,54.9,76.5,"Estimated values — region, variety and management dependent. Validate locally before use."
85,Nutmeg - Short Duration,जायफल,Spice,765.5,13,161.9,110.3,130.8,"Estimated values — region, variety and management dependent. Validate locally before use."
533,Cauliflower - Variety A,फूलगोभी,Vegetable,606.5,8,99.4,102.0,171.7,"Estimated values — region, variety and management dependent. Validate locally before use."
173,Radish - Variety A,मूली,Vegetable,853.1,8,206.9,50.9,51.2,"Estimated values — region, variety and management dependent. Validate locally before use."
290,Turnip - Short Duration,शलजम,Vegetable,798.8,10,186.2,112.2,155.4,"Estimated values — region, variety and management dependent. Validate locally before use."
486,Cotton,कपास,Fiber,399.3,15,74.9,55.9,78.9,"Estimated values — region, variety and management dependent. Validate locally before use."
330,Mustard Greens - Short Duration,सरसों का साग,Leafy Vegetable,525.0,5,105.8,65.8,77.4,"Estimated values — region, variety and management dependent. Validate locally before use."
684,Coffee - High Yielding #84,कॉफ़ी,Plantation,737.5,14,157.6,244.8,232.9,"Estimated values — region, variety and management dependent. Validate locally before use."
319,Black Pepper - High Yielding,काली मिर्च,Spice,906.1,12,89.2,99.9,98.7,"Estimated values — region, variety and management dependent. Validate locally before use."
455,Sorghum (forage) - Short Duration,ज्वार (चारा),Fodder,528.7,12,214.6,58.5,98.9,"Estimated values — region, variety and management dependent. Validate locally before use."
250,Tobacco - Short Duration,तंबाकू,Cash Crop,777.3,19,189.5,75.6,177.8,"Estimated values — region, variety and management dependent. Validate locally before use."
847,Groundnut (Peanut) - Hybrid #47,मूँगफली,Oilseed,528.4,13,46.3,31.1,22.6,"Estimated values — region, variety and management dependent. Validate locally before use."
280,Strawberry - Short Duration,स्ट्रॉबेरी,Fruit,825.2,11,280.9,148.5,326.6,"Estimated values — region, variety and management dependent. Validate locally before use."
456,Napier,नेपियर,Fodder,484.1,10,87.1,63.2,98.6,"Estimated values — region, variety and management dependent. Validate locally before use."
902,Lentil (Masoor) - Hybrid #2,मसूर,Pulse,336.2,16,43.7,34.6,12.3,"Estimated values — region, variety and management dependent. Validate locally before use."
762,Potato - Hybrid #62,आलू,Vegetable,347.3,7,216.2,75.8,177.1,"Estimated values — region, variety and management dependent. Validate locally before use."
548,Black Gram (Urad) - Variety A,उड़द,Pulse,482.2,21,14.7,39.2,29.0,"Estimated values — region, variety and management dependent. Validate locally before use."
181,Mint,पुदीना,Herb,436.1,5,107.4,40.8,67.9,"Estimated values — region, variety and management dependent. Validate locally before use."
558,Cardamom - Variety A,इलायची,Spice,633.8,9,146.9,71.9,100.1,"Estimated values — region, variety and management dependent. Validate locally before use."
629,Grapes - High Yielding #29,अंगूर,Fruit,672.6,10,166.6,172.4,329.3,"Estimated values — region, variety and management dependent. Validate locally before use."
424,French Beans - High Yielding,फ्रेंच बीन्स,Vegetable,737.6,7,143.7,111.3,111.8,"Estimated values — region, variety and management dependent. Validate locally before use."
844,Jute - High Yielding #44,जूट,Fiber,816.4,19,217.1,61.0,130.9,"Estimated values — region, variety and management dependent. Validate locally before use."
11,Jute,जूट,Fiber,478.0,8,120.8,47.2,140.1,"Estimated values — region, variety and management dependent. Validate locally before use."
200,Black Pepper - Short Duration,काली मिर्च,Spice,734.6,17,176.0,96.7,142.6,"Estimated values — region, variety and management dependent. Validate locally before use."
426,Lentil (Masoor),मसूर,Pulse,411.8,20,53.0,13.6,39.8,"Estimated values — region, variety and management dependent. Validate locally before use."
535,Spinach - Short Duration,पालक,Vegetable,431.1,7,97.4,106.4,160.2,"Estimated values — region, variety and management dependent. Validate locally before use."
32,Orange - Hybrid,संतरा,Fruit,581.6,15,318.1,113.5,152.9,"Estimated values — region, variety and management dependent. Validate locally before use."
580,Stevia - Short Duration,स्टीविया,Other,292.8,16,129.6,44.0,150.9,"Estimated values — region, variety and management dependent. Validate locally before use."
405,Potato - Short Duration,आलू,Vegetable,666.6,9,232.5,106.2,122.4,"Estimated values — region, variety and management dependent. Validate locally before use."
278,Apricot - Variety A,खुबानी,Fruit,1409.7,13,202.2,100.8,249.5,"Estimated values — region, variety and management dependent. Validate locally before use."
445,Tea - Short Duration,चाय,Plantation,1666.4,30,308.0,93.4,162.7,"Estimated values — region, variety and management dependent. Validate locally before use."
772,Broccoli - Hybrid #72,ब्रोकली,Vegetable,417.6,4,238.1,71.4,113.1,"Estimated values — region, variety and management dependent. Validate locally before use."
373,Sesame (Til) - Variety A,तिल,Oilseed,452.9,17,110.9,29.0,68.9,"Estimated values — region, variety and management dependent. Validate locally before use."
723,Sugarcane - Variety A #23,गन्ना,Cash Crop,498.5,7,180.6,93.3,110.9,"Estimated values — region, variety and management dependent. Validate locally before use."
401,Brinjal (Eggplant),बैंगन,Vegetable,501.0,7,248.1,83.5,119.0,"Estimated values — region, variety and management dependent. Validate locally before use."
79,Turmeric - High Yielding,हल्दी,Spice,850.5,13,149.1,71.1,89.3,"Estimated values — region, variety and management dependent. Validate locally before use."
538,Mint - Variety A,पुदीना,Herb,435.2,9,106.1,52.7,57.1,"Estimated values — region, variety and management dependent. Validate locally before use."
576,Pulses (Mixed),मिश्रित दालें,Pulse,411.3,12,23.9,19.3,25.3,"Estimated values — region, variety and management dependent. Validate locally before use."
549,Green Gram (Moong) - High Yielding,मूंग,Pulse,459.2,11,49.8,21.9,39.0,"Estimated values — region, variety and management dependent. Validate locally before use."
711,Proso Millet #11,बासमा,Cereal,623.3,19,189.5,57.9,74.0,"Estimated values — region, variety and management dependent. Validate locally before use."
42,Strawberry - Hybrid,स्ट्रॉबेरी,Fruit,520.2,10,147.6,117.3,205.5,"Estimated values — region, variety and management dependent. Validate locally before use."
886,Carrot #86,गाजर,Vegetable,540.4,9,168.6,96.9,135.6,"Estimated values — region, variety and management dependent. Validate locally before use."
633,Peach - Variety A #33,आड़ू,Fruit,1442.3,16,135.5,192.3,309.2,"Estimated values — region, variety and management dependent. Validate locally before use."
859,Banana - High Yielding #59,केला,Fruit,1029.5,7,141.6,188.4,229.2,"Estimated values — region, variety and management dependent. Validate locally before use."
140,Coconut - Short Duration,नारियल,Plantation,984.0,8,274.9,189.5,137.9,"Estimated values — region, variety and management dependent. Validate locally before use."
386,Litchi,लिची,Fruit,937.9,14,187.2,190.1,298.9,"Estimated values — region, variety and management dependent. Validate locally before use."
457,Pulses (Mixed) - Hybrid,मिश्रित दालें,Pulse,525.1,18,59.5,38.7,25.7,"Estimated values — region, variety and management dependent. Validate locally before use."
933,Pulses (Mixed) - Variety A #33,मिश्रित दालें,Pulse,468.3,20,22.6,32.3,32.5,"Estimated values — region, variety and management dependent. Validate locally before use."
814,Pulses (Mixed) - High Yielding #14,मिश्रित दालें,Pulse,296.1,17,45.8,11.1,12.2,"Estimated values — region, variety and management dependent. Validate locally before use."
141,Areca Nut (Supari),सुपारी,Plantation,1815.8,22,148.7,52.5,185.3,"Estimated values — region, variety and management dependent. Validate locally before use."
625,Sapota (Chikoo) - Short Duration #25,चीकू,Fruit,1184.7,14,236.1,122.7,328.2,"Estimated values — region, variety and management dependent. Validate locally before use."
321,Cinnamon,दालचीनी,Spice,647.3,14,106.1,99.7,68.0,"Estimated values — region, variety and management dependent. Validate locally before use."
709,Kodo Millet - High Yielding #9,कोदो,Cereal,568.7,15,116.0,26.8,59.5,"Estimated values — region, variety and management dependent. Validate locally before use."
458,Vegetable Soybean - Variety A,सब्जी सोयाबीन,Vegetable,803.4,4,240.7,93.5,162.3,"Estimated values — region, variety and management dependent. Validate locally before use."
874,Cherry - High Yielding #74,चेरी,Fruit,683.6,7,277.3,168.4,244.5,"Estimated values — region, variety and management dependent. Validate locally before use."
327,Coffee - Hybrid,कॉफ़ी,Plantation,1721.5,28,164.8,56.2,354.6,"Estimated values — region, variety and management dependent. Validate locally before use."
127,Oats - Hybrid,जई,Cereal,407.4,20,109.5,57.4,36.7,"Estimated values — region, variety and management dependent. Validate locally before use."
133,Groundnut (Peanut) - Variety A,मूँगफली,Oilseed,305.2,14,62.2,40.8,38.4,"Estimated values — region, variety and management dependent. Validate locally before use."
818,Stevia - Variety A #18,स्टीविया,Other,804.8,16,28.2,103.3,78.0,"Estimated values — region, variety and management dependent. Validate locally before use."
398,Cherry - Variety A,चेरी,Fruit,1370.5,9,333.5,55.5,309.1,"Estimated values — region, variety and management dependent. Validate locally before use."
916,Cinnamon #16,दालचीनी,Spice,649.1,10,115.4,95.2,85.7,"Estimated values — region, variety and management dependent. Validate locally before use."
994,Strawberry - High Yielding #94,स्ट्रॉबेरी,Fruit,1490.6,12,311.2,111.9,258.3,"Estimated values — region, variety and management dependent. Validate locally before use."
416,Spinach,पालक,Vegetable,638.5,4,220.9,112.2,72.3,"Estimated values — region, variety and management dependent. Validate locally before use."
596,Wheat #96,गेहूं,Cereal,536.7,14,199.7,51.0,63.9,"Estimated values — region, variety and management dependent. Validate locally before use."
259,Coconut - High Yielding,नारियल,Plantation,1889.6,17,281.2,164.7,312.8,"Estimated values — region, variety and management dependent. Validate locally before use."
314,Buckwheat (Kuttu) - High Yielding,कुट्टू,Other,470.8,17,51.5,95.7,98.3,"Estimated values — region, variety and management dependent. Validate locally before use."
410,Carrot - Short Duration,गाजर,Vegetable,543.2,8,236.9,111.0,163.2,"Estimated values — region, variety and management dependent. Validate locally before use."
163,Brinjal (Eggplant) - Variety A,बैंगन,Vegetable,472.9,7,218.3,84.0,112.8,"Estimated values — region, variety and management dependent. Validate locally before use."
305,French Beans - Short Duration,फ्रेंच बीन्स,Vegetable,554.0,10,129.0,64.1,47.6,"Estimated values — region, variety and management dependent. Validate locally before use."
287,Sweet Potato - Hybrid,शकरकन्द,Vegetable,900.0,5,93.1,107.6,56.2,"Estimated values — region, variety and management dependent. Validate locally before use."
645,Colocasia (Arbi) - Short Duration #45,अरबी,Vegetable,879.1,4,111.0,65.5,169.4,"Estimated values — region, variety and management dependent. Validate locally before use."
636,Cherry #36,चेरी,Fruit,1409.7,10,301.6,101.1,144.4,"Estimated values — region, variety and management dependent. Validate locally before use."
354,Proso Millet - High Yielding,बासमा,Cereal,419.0,8,162.6,26.3,44.9,"Estimated values — region, variety and management dependent. Validate locally before use."
69,Lentil (Masoor) - High Yielding,मसूर,Pulse,454.6,20,15.1,33.4,36.5,"Estimated values — region, variety and management dependent. Validate locally before use."
679,Clove - High Yielding #79,लौंग,Spice,914.5,11,108.9,68.6,129.6,"Estimated values — region, variety and management dependent. Validate locally before use."
834,Wheat - High Yielding #34,गेहूं,Cereal,301.9,10,174.3,48.5,58.5,"Estimated values — region, variety and management dependent. Validate locally before use."
936,Hemp #36,भांग,Fiber,407.2,16,84.8,59.3,146.3,"Estimated values — region, variety and management dependent. Validate locally before use."
680,Nutmeg - Short Duration #80,जायफल,Spice,326.2,11,112.5,81.8,142.5,"Estimated values — region, variety and management dependent. Validate locally before use."
720,Finger Millet (Ragi) - Short Duration #20,रागी,Cereal,383.8,19,100.2,50.6,49.4,"Estimated values — region, variety and management dependent. Validate locally before use."
238,Honey - Variety A,शहद,Other,253.7,20,35.4,57.5,151.5,"Estimated values — region, variety and management dependent. Validate locally before use."
266,Guava,अमरुद,Fruit,681.6,9,250.6,164.0,263.9,"Estimated values — region, variety and management dependent. Validate locally before use."
91,Bamboo,बांस,Other,219.5,10,197.1,77.2,156.0,"Estimated values — region, variety and management dependent. Validate locally before use."
836,Maize #36,मक्का,Cereal,485.1,12,173.0,39.5,26.5,"Estimated values — region, variety and management dependent. Validate locally before use."
863,Sapota (Chikoo) - Variety A #63,चीकू,Fruit,1302.5,9,255.8,126.6,141.9,"Estimated values — region, variety and management dependent. Validate locally before use."
55,Beetroot - Short Duration,चुकंदर,Vegetable,537.5,9,189.7,76.6,188.6,"Estimated values — region, variety and management dependent. Validate locally before use."
658,Curry Leaves - Variety A #58,करी पत्ता,Herb,276.0,12,92.2,61.1,39.2,"Estimated values — region, variety and management dependent. Validate locally before use."
944,Ridge Gourd - High Yielding #44,तोरई,Vegetable,306.3,8,218.6,107.8,95.0,"Estimated values — region, variety and management dependent. Validate locally before use."
407,Colocasia (Arbi) - Hybrid,अरबी,Vegetable,861.5,4,124.3,58.8,160.6,"Estimated values — region, variety and management dependent. Validate locally before use."
381,Almond,बादाम,Nut,538.1,13,203.4,149.8,185.2,"Estimated values — region, variety and management dependent. Validate locally before use."
125,Finger Millet (Ragi) - Short Duration,रागी,Cereal,474.2,18,142.6,46.0,57.0,"Estimated values — region, variety and management dependent. Validate locally before use."
492,Sesame (Til) - Hybrid,तिल,Oilseed,340.6,10,134.9,30.0,57.2,"Estimated values — region, variety and management dependent. Validate locally before use."
803,Coffee - Variety A #3,कॉफ़ी,Plantation,1700.8,12,236.5,157.4,127.6,"Estimated values — region, variety and management dependent. Validate locally before use."
901,Cluster Bean (Guar) #1,ग्वार,Vegetable,873.3,8,171.1,96.1,82.1,"Estimated values — region, variety and management dependent. Validate locally before use."
431,Horse Gram,कुल्थी,Pulse,434.5,10,22.0,12.0,27.8,"Estimated values — region, variety and management dependent. Validate locally before use."
946,Foxtail Millet #46,कुटकी,Cereal,419.8,19,131.7,31.7,33.9,"Estimated values — region, variety and management dependent. Validate locally before use."
704,Bottle Gourd (Lauki) - High Yielding #4,लौकी,Vegetable,610.4,5,232.9,104.4,168.4,"Estimated values — region, variety and management dependent. Validate locally before use."
295,Cauliflower - Short Duration,फूलगोभी,Vegetable,616.5,5,218.9,104.1,62.1,"Estimated values — region, variety and management dependent. Validate locally before use."
879,Onion - High Yielding #79,प्याज,Vegetable,522.1,8,162.2,119.1,132.4,"Estimated values — region, variety and management dependent. Validate locally before use."
213,Lucerne (Alfalfa) - Variety A,अल्फाल्फा,Fodder,469.9,5,108.7,49.6,51.7,"Estimated values — region, variety and management dependent. Validate locally before use."
919,Vanilla - High Yielding #19,वैनिला,Spice,899.4,10,66.3,115.9,46.9,"Estimated values — region, variety and management dependent. Validate locally before use."
38,Peach - Variety A,आड़ू,Fruit,993.2,18,333.9,135.7,218.2,"Estimated values — region, variety and management dependent. Validate locally before use."
861,Guava #61,अमरुद,Fruit,1303.4,8,154.1,141.0,217.9,"Estimated values — region, variety and management dependent. Validate locally before use."
899,Peas - High Yielding #99,मटर,Vegetable,652.1,4,161.9,60.6,101.2,"Estimated values — region, variety and management dependent. Validate locally before use."
126,Barley,जौ,Cereal,667.8,19,138.0,37.4,63.9,"Estimated values — region, variety and management dependent. Validate locally before use."
24,Almond - High Yielding,बादाम,Nut,1041.0,10,144.6,49.0,80.7,"Estimated values — region, variety and management dependent. Validate locally before use."
840,Barley - Short Duration #40,जौ,Cereal,462.1,16,105.5,21.5,35.6,"Estimated values — region, variety and management dependent. Validate locally before use."
977,Mango - Hybrid #77,आम,Fruit,604.1,7,254.9,104.6,255.0,"Estimated values — region, variety and management dependent. Validate locally before use."
102,Aloe Vera - Hybrid,घृतकुमारी,Other,506.4,9,147.2,17.1,87.4,"Estimated values — region, variety and management dependent. Validate locally before use."
116,Proso Millet,बासमा,Cereal,489.4,8,147.7,28.7,62.0,"Estimated values — region, variety and management dependent. Validate locally before use."
436,Turmeric,हल्दी,Spice,664.9,13,94.1,26.1,190.7,"Estimated values — region, variety and management dependent. Validate locally before use."
951,Saffron #51,केसरी/जाफरान,Spice,866.2,13,73.8,26.8,44.6,"Estimated values — region, variety and management dependent. Validate locally before use."
121,Rice,धान,Cereal,609.0,20,162.1,52.2,67.8,"Estimated values — region, variety and management dependent. Validate locally before use."
385,Guava - Short Duration,अमरुद,Fruit,1435.6,11,292.8,155.7,272.6,"Estimated values — region, variety and management dependent. Validate locally before use."
48,Potato - Variety A,आलू,Vegetable,738.3,10,174.5,97.5,64.8,"Estimated values — region, variety and management dependent. Validate locally before use."
172,Carrot - Hybrid,गाजर,Vegetable,589.5,7,121.4,84.1,101.4,"Estimated values — region, variety and management dependent. Validate locally before use."
318,Ginger - Variety A,अदरक,Spice,477.3,17,74.4,55.7,160.6,"Estimated values — region, variety and management dependent. Validate locally before use."
325,Betel Leaf - Short Duration,पान,Cash Crop,233.9,20,184.1,77.6,92.6,"Estimated values — region, variety and management dependent. Validate locally before use."
881,Potato #81,आलू,Vegetable,748.7,7,213.1,115.9,56.0,"Estimated values — region, variety and management dependent. Validate locally before use."
264,Banana - High Yielding,केला,Fruit,961.5,8,232.7,79.1,294.1,"Estimated values — region, variety and management dependent. Validate locally before use."
146,Papaya,पपीता,Fruit,648.3,15,195.1,186.3,174.3,"Estimated values — region, variety and management dependent. Validate locally before use."
44,Brinjal (Eggplant) - High Yielding,बैंगन,Vegetable,813.6,4,88.6,119.9,173.8,"Estimated values — region, variety and management dependent. Validate locally before use."
505,Litchi - Short Duration,लिची,Fruit,673.1,17,188.8,147.0,111.1,"Estimated values — region, variety and management dependent. Validate locally before use."
87,Betel Leaf - Hybrid,पान,Cash Crop,828.6,16,137.8,61.1,94.0,"Estimated values — region, variety and management dependent. Validate locally before use."
377,Linseed (Flax) - Hybrid,अलसी,Oilseed,351.2,20,112.1,43.2,42.8,"Estimated values — region, variety and management dependent. Validate locally before use."
531,Beetroot,चुकंदर,Vegetable,777.5,5,129.7,62.0,126.0,"Estimated values — region, variety and management dependent. Validate locally before use."
985,Lemon - Short Duration #85,नींबू,Fruit,1378.7,8,217.0,145.8,190.2,"Estimated values — region, variety and management dependent. Validate locally before use."
852,Castor - Hybrid #52,अरंडी,Oilseed,375.5,13,91.6,30.6,72.1,"Estimated values — region, variety and management dependent. Validate locally before use."
346,Pumpkin,कद्दू,Vegetable,493.6,9,118.3,115.8,123.0,"Estimated values — region, variety and management dependent. Validate locally before use."
404,Garlic - High Yielding,लहसुन,Vegetable,742.0,10,130.2,94.0,70.9,"Estimated values — region, variety and management dependent. Validate locally before use."
227,Pumpkin - Hybrid,कद्दू,Vegetable,368.2,4,161.0,102.2,122.1,"Estimated values — region, variety and management dependent. Validate locally before use."
988,Apple - Variety A #88,सेब,Fruit,485.7,10,340.1,64.6,281.3,"Estimated values — region, variety and management dependent. Validate locally before use."
165,Onion - Short Duration,प्याज,Vegetable,795.0,4,191.8,83.4,106.1,"Estimated values — region, variety and management dependent. Validate locally before use."
336,Sorghum (forage),ज्वार (चारा),Fodder,893.3,10,173.5,53.0,74.8,"Estimated values — region, variety and management dependent. Validate locally before use."
601,Finger Millet (Ragi) #1,रागी,Cereal,689.0,9,165.4,23.7,75.3,"Estimated values — region, variety and management dependent. Validate locally before use."
917,Clove - Hybrid #17,लौंग,Spice,580.4,14,72.4,33.1,123.7,"Estimated values — region, variety and management dependent. Validate locally before use."
473,Proso Millet - Variety A,बासमा,Cereal,563.2,9,191.5,32.6,77.7,"Estimated values — region, variety and management dependent. Validate locally before use."
448,Bamboo - Variety A,बांस,Other,756.5,18,56.8,110.7,114.9,"Estimated values — region, variety and management dependent. Validate locally before use."
108,Pumpkin - Variety A,कद्दू,Vegetable,701.3,10,148.7,53.2,114.8,"Estimated values — region, variety and management dependent. Validate locally before use."
857,Almond - Hybrid #57,बादाम,Nut,610.7,12,222.4,79.3,133.6,"Estimated values — region, variety and management dependent. Validate locally before use."
156,Pear,नाशपाती,Fruit,699.5,15,223.4,62.1,110.0,"Estimated values — region, variety and management dependent. Validate locally before use."
459,Aloe Vera - High Yielding,घृतकुमारी,Other,529.9,20,133.5,17.5,38.7,"Estimated values — region, variety and management dependent. Validate locally before use."
281,Tomato,टमाटर,Vegetable,824.0,6,93.9,93.1,186.7,"Estimated values — region, variety and management dependent. Validate locally before use."
208,Coffee - Variety A,कॉफ़ी,Plantation,1380.2,9,341.4,52.8,261.0,"Estimated values — region, variety and management dependent. Validate locally before use."
155,Apple - Short Duration,सेब,Fruit,717.5,8,217.2,95.6,200.6,"Estimated values — region, variety and management dependent. Validate locally before use."
588,Arrowroot - Variety A,अरारुट,Other,202.1,20,175.3,36.9,99.6,"Estimated values — region, variety and management dependent. Validate locally before use."
758,Brinjal (Eggplant) - Variety A #58,बैंगन,Vegetable,389.2,10,174.9,119.0,48.7,"Estimated values — region, variety and management dependent. Validate locally before use."
986,Grapes #86,अंगूर,Fruit,1217.8,21,204.0,105.4,277.1,"Estimated values — region, variety and management dependent. Validate locally before use."
384,Papaya - High Yielding,पपीता,Fruit,1071.1,10,339.3,91.9,174.6,"Estimated values — region, variety and management dependent. Validate locally before use."
802,Tea - Hybrid #2,चाय,Plantation,1697.6,17,267.1,241.4,256.2,"Estimated values — region, variety and management dependent. Validate locally before use."
649,Radish - High Yielding #49,मूली,Vegetable,568.0,6,115.6,95.5,96.1,"Estimated values — region, variety and management dependent. Validate locally before use."
807,Maize(Fodder) - Hybrid #7,चारे का मक्का,Fodder,721.1,8,213.4,61.0,78.5,"Estimated values — region, variety and management dependent. Validate locally before use."
537,Coriander - Hybrid,धनिया,Herb,375.6,5,97.6,26.6,99.2,"Estimated values — region, variety and management dependent. Validate locally before use."
504,Guava - High Yielding,अमरुद,Fruit,1385.1,15,248.5,187.2,127.3,"Estimated values — region, variety and management dependent. Validate locally before use."
738,Almond - Variety A #38,बादाम,Nut,1178.0,23,294.1,73.0,170.1,"Estimated values — region, variety and management dependent. Validate locally before use."
560,Clove - Short Duration,लौंग,Spice,392.5,8,81.2,28.9,165.1,"Estimated values — region, variety and management dependent. Validate locally before use."
545,Lentil (Masoor) - Short Duration,मसूर,Pulse,396.8,19,41.6,28.8,21.3,"Estimated values — region, variety and management dependent. Validate locally before use."
357,Honey - Hybrid,शहद,Other,649.3,12,63.5,23.5,95.4,"Estimated values — region, variety and management dependent. Validate locally before use."
207,Tea - Hybrid,चाय,Plantation,1804.2,30,308.8,129.5,353.7,"Estimated values — region, variety and management dependent. Validate locally before use."
889,Cabbage - High Yielding #89,पत्तागोभी,Vegetable,606.3,9,119.4,53.6,45.8,"Estimated values — region, variety and management dependent. Validate locally before use."
612,Sunflower - Hybrid #12,सूरजमुखी,Oilseed,314.7,14,66.0,49.7,21.9,"Estimated values — region, variety and management dependent. Validate locally before use."
712,Job's Tears - Hybrid #12,हज़ारमुखी,Cereal,561.8,10,122.6,49.8,38.4,"Estimated values — region, variety and management dependent. Validate locally before use."
532,Cabbage - Hybrid,पत्तागोभी,Vegetable,400.9,7,176.2,101.8,119.3,"Estimated values — region, variety and management dependent. Validate locally before use."
260,Areca Nut (Supari) - Short Duration,सुपारी,Plantation,1184.8,10,233.4,243.2,151.6,"Estimated values — region, variety and management dependent. Validate locally before use."
154,Pomegranate - High Yielding,अनार,Fruit,465.6,19,176.9,162.3,242.3,"Estimated values — region, variety and management dependent. Validate locally before use."
853,Linseed (Flax) - Variety A #53,अलसी,Oilseed,446.1,17,128.7,20.2,72.9,"Estimated values — region, variety and management dependent. Validate locally before use."
64,Chilli (Hot Pepper) - High Yielding,मिर्च,Spice,744.0,11,47.9,53.4,43.5,"Estimated values — region, variety and management dependent. Validate locally before use."
435,Basil (Tulsi) - Short Duration,तुलसी,Herb,431.0,9,43.7,71.3,118.4,"Estimated values — region, variety and management dependent. Validate locally before use."
340,Aloe Vera - Short Duration,घृतकुमारी,Other,842.9,15,43.4,107.3,22.5,"Estimated values — region, variety and management dependent. Validate locally before use."
514,Peach - High Yielding,आड़ू,Fruit,1334.1,17,127.3,170.0,332.5,"Estimated values — region, variety and management dependent. Validate locally before use."
749,Pomegranate - High Yielding #49,अनार,Fruit,1279.9,17,321.5,75.0,133.1,"Estimated values — region, variety and management dependent. Validate locally before use."
488,Tobacco - Variety A,तंबाकू,Cash Crop,647.6,10,123.0,28.7,82.3,"Estimated values — region, variety and management dependent. Validate locally before use."
525,Sweet Potato - Short Duration,शकरकन्द,Vegetable,606.5,7,181.4,86.0,107.7,"Estimated values — region, variety and management dependent. Validate locally before use."
894,Coriander - High Yielding #94,धनिया,Herb,442.5,7,65.5,38.3,10.5,"Estimated values — region, variety and management dependent. Validate locally before use."
953,Wheat - Variety A #53,गेहूं,Cereal,375.1,7,98.3,58.8,21.3,"Estimated values — region, variety and management dependent. Validate locally before use."
187,Cluster Bean (Guar) - Hybrid,ग्वार,Vegetable,560.4,4,209.3,96.3,56.1,"Estimated values — region, variety and management dependent. Validate locally before use."
674,Turmeric - High Yielding #74,हल्दी,Spice,939.9,8,55.7,75.6,119.4,"Estimated values — region, variety and management dependent. Validate locally before use."
344,Watermelon - High Yielding,तरबूज,Fruit,1103.8,9,291.9,69.4,225.7,"Estimated values — region, variety and management dependent. Validate locally before use."
378,Coconut - Variety A,नारियल,Plantation,1750.3,14,128.8,239.6,133.0,"Estimated values — region, variety and management dependent. Validate locally before use."
904,Pigeon Pea (Tur/Arhar) - High Yielding #4,अरहर/तुअर,Pulse,304.8,21,44.2,37.3,25.0,"Estimated values — region, variety and management dependent. Validate locally before use."
369,Tobacco - High Yielding,तंबाकू,Cash Crop,315.4,16,111.6,65.0,18.6,"Estimated values — region, variety and management dependent. Validate locally before use."
569,Maize(Fodder) - High Yielding,चारे का मक्का,Fodder,658.9,8,179.7,37.7,46.5,"Estimated values — region, variety and management dependent. Validate locally before use."
276,Peach,आड़ू,Fruit,1321.1,18,121.1,146.9,109.8,"Estimated values — region, variety and management dependent. Validate locally before use."
691,Sesbania #91,सेसबानिया,Fodder,717.7,6,169.0,34.5,98.7,"Estimated values — region, variety and management dependent. Validate locally before use."
267,Litchi - Hybrid,लिची,Fruit,594.9,19,257.0,119.6,240.9,"Estimated values — region, variety and management dependent. Validate locally before use."
783,Lentil (Masoor) - Variety A #83,मसूर,Pulse,437.3,14,44.3,37.6,14.0,"Estimated values — region, variety and management dependent. Validate locally before use."
938,Moringa (Drumstick) - Variety A #38,सहजन/मोरिंगा,Vegetable,616.0,5,84.9,93.1,177.7,"Estimated values — region, variety and management dependent. Validate locally before use."
534,Broccoli - High Yielding,ब्रोकली,Vegetable,520.1,10,208.7,100.8,110.6,"Estimated values — region, variety and management dependent. Validate locally before use."
23,Cashew - Variety A,काजू,Nut,1080.3,10,230.0,94.4,138.7,"Estimated values — region, variety and management dependent. Validate locally before use."
543,French Beans - Variety A,फ्रेंच बीन्स,Vegetable,895.5,10,191.5,96.1,61.2,"Estimated values — region, variety and management dependent. Validate locally before use."
98,Sorghum (forage) - Variety A,ज्वार (चारा),Fodder,815.3,12,203.6,64.6,97.0,"Estimated values — region, variety and management dependent. Validate locally before use."
296,Broccoli,ब्रोकली,Vegetable,450.0,9,161.7,69.7,189.5,"Estimated values — region, variety and management dependent. Validate locally before use."
461,Stevia,स्टीविया,Other,693.2,14,138.7,11.7,111.1,"Estimated values — region, variety and management dependent. Validate locally before use."
198,Turmeric - Variety A,हल्दी,Spice,821.3,7,203.9,94.5,169.9,"Estimated values — region, variety and management dependent. Validate locally before use."
708,Foxtail Millet - Variety A #8,कुटकी,Cereal,585.3,17,144.2,51.4,74.4,"Estimated values — region, variety and management dependent. Validate locally before use."
262,Almond - Hybrid,बादाम,Nut,1244.5,14,175.8,78.1,97.3,"Estimated values — region, variety and management dependent. Validate locally before use."
311,Green Gram (Moong),मूंग,Pulse,512.0,10,41.8,39.4,17.6,"Estimated values — region, variety and management dependent. Validate locally before use."
980,Guava - Short Duration #80,अमरुद,Fruit,850.8,12,127.6,128.5,116.7,"Estimated values — region, variety and management dependent. Validate locally before use."
161,Strawberry,स्ट्रॉबेरी,Fruit,1098.3,14,342.3,120.5,202.1,"Estimated values — region, variety and management dependent. Validate locally before use."
403,Onion - Variety A,प्याज,Vegetable,498.4,9,158.0,60.6,69.8,"Estimated values — region, variety and management dependent. Validate locally before use."
540,Chilli (Hot Pepper) - Short Duration,मिर्च,Spice,672.6,16,137.0,52.4,146.7,"Estimated values — region, variety and management dependent. Validate locally before use."
177,Broccoli - Hybrid,ब्रोकली,Vegetable,631.2,8,144.1,114.6,179.1,"Estimated values — region, variety and management dependent. Validate locally before use."
727,Soybean - Hybrid #27,सोयाबीन,Oilseed,478.9,15,83.4,40.6,28.0,"Estimated values — region, variety and management dependent. Validate locally before use."
794,Ginger - High Yielding #94,अदरक,Spice,475.9,16,196.4,106.0,99.8,"Estimated values — region, variety and management dependent. Validate locally before use."
819,Moringa (Drumstick) - High Yielding #19,सहजन/मोरिंगा,Vegetable,601.7,6,213.8,64.1,53.8,"Estimated values — region, variety and management dependent. Validate locally before use."
779,Capsicum (Bell Pepper) - High Yielding #79,शिमला मिर्च,Vegetable,530.8,8,235.7,101.0,83.8,"Estimated values — region, variety and management dependent. Validate locally before use."
757,Tomato - Hybrid #57,टमाटर,Vegetable,697.0,5,161.9,93.1,142.6,"Estimated values — region, variety and management dependent. Validate locally before use."
298,Fenugreek (Methi) - Variety A,मेथी,Leafy Vegetable,436.4,7,72.1,46.2,114.6,"Estimated values — region, variety and management dependent. Validate locally before use."
92,Mustard Greens - Hybrid,सरसों का साग,Leafy Vegetable,527.7,8,136.4,63.1,58.4,"Estimated values — region, variety and management dependent. Validate locally before use."
930,Sunhemp - Short Duration #30,सनहेम्प,Fodder,514.1,10,164.5,62.6,112.6,"Estimated values — region, variety and management dependent. Validate locally before use."
450,Maize(Fodder) - Short Duration,चारे का मक्का,Fodder,579.8,12,134.6,68.2,126.7,"Estimated values — region, variety and management dependent. Validate locally before use."
646,Cassava (Tapioca) #46,कसावा,Vegetable,666.8,9,176.1,114.9,62.5,"Estimated values — region, variety and management dependent. Validate locally before use."
15,Mustard / Rapeseed - Short Duration,सरसों,Oilseed,505.4,10,62.9,21.0,38.9,"Estimated values — region, variety and management dependent. Validate locally before use."
481,Pearl Millet (Bajra),बाजरा,Cereal,571.9,17,125.6,50.9,37.7,"Estimated values — region, variety and management dependent. Validate locally before use."
997,Okra (Bhindi) - Hybrid #97,भिन्डी,Vegetable,538.3,9,85.9,62.8,42.6,"Estimated values — region, variety and management dependent. Validate locally before use."
869,Apple - High Yielding #69,सेब,Fruit,1386.7,19,269.6,114.7,205.2,"Estimated values — region, variety and management dependent. Validate locally before use."
432,Cowpea (Lobia) - Hybrid,लोबिया,Pulse,383.9,20,45.2,11.5,32.2,"Estimated values — region, variety and management dependent. Validate locally before use."
696,Vegetable Soybean #96,सब्जी सोयाबीन,Vegetable,709.3,7,235.0,91.8,136.2,"Estimated values — region, variety and management dependent. Validate locally before use."
503,Papaya - Variety A,पपीता,Fruit,1356.6,13,235.9,168.6,189.9,"Estimated values — region, variety and management dependent. Validate locally before use."
261,Cashew,काजू,Nut,1347.6,21,263.0,140.4,99.4,"Estimated values — region, variety and management dependent. Validate locally before use."
329,Bamboo - High Yielding,बांस,Other,493.1,13,190.9,13.6,39.2,"Estimated values — region, variety and management dependent. Validate locally before use."
180,Coriander - Short Duration,धनिया,Herb,595.4,6,69.5,12.6,65.3,"Estimated values — region, variety and management dependent. Validate locally before use."
565,Coffee - Short Duration,कॉफ़ी,Plantation,904.1,10,159.2,74.6,319.0,"Estimated values — region, variety and management dependent. Validate locally before use."
396,Plum,आलूबुखारा,Fruit,1110.5,21,292.2,147.8,158.1,"Estimated values — region, variety and management dependent. Validate locally before use."
496,Linseed (Flax),अलसी,Oilseed,520.5,20,89.1,37.3,34.5,"Estimated values — region, variety and management dependent. Validate locally before use."
36,Apple,सेब,Fruit,407.9,18,257.8,84.3,326.4,"Estimated values — region, variety and management dependent. Validate locally before use."
443,Vanilla - Variety A,वैनिला,Spice,893.0,8,136.4,102.9,29.3,"Estimated values — region, variety and management dependent. Validate locally before use."
928,Napier Grass - Variety A #28,नेपियर घास,Fodder,715.9,7,198.9,58.4,151.4,"Estimated values — region, variety and management dependent. Validate locally before use."
660,Capsicum (Bell Pepper) - Short Duration #60,शिमला मिर्च,Vegetable,594.6,4,141.3,74.2,87.1,"Estimated values — region, variety and management dependent. Validate locally before use."
637,Strawberry - Hybrid #37,स्ट्रॉबेरी,Fruit,1282.7,20,180.9,53.3,246.7,"Estimated values — region, variety and management dependent. Validate locally before use."
99,Napier - High Yielding,नेपियर,Fodder,529.6,8,194.4,36.6,133.3,"Estimated values — region, variety and management dependent. Validate locally before use."
338,Pulses (Mixed) - Variety A,मिश्रित दालें,Pulse,488.1,18,21.2,39.6,33.8,"Estimated values — region, variety and management dependent. Validate locally before use."
13,Soybean - Variety A,सोयाबीन,Oilseed,494.4,19,103.5,36.0,34.7,"Estimated values — region, variety and management dependent. Validate locally before use."
685,Rubber - Short Duration #85,रबर,Plantation,1756.2,15,324.1,171.0,126.8,"Estimated values — region, variety and management dependent. Validate locally before use."
117,Job's Tears - Hybrid,हज़ारमुखी,Cereal,606.8,9,152.7,58.5,63.1,"Estimated values — region, variety and management dependent. Validate locally before use."
447,Rubber - Hybrid,रबर,Plantation,1946.9,10,329.1,200.9,374.3,"Estimated values — region, variety and management dependent. Validate locally before use."
408,Cassava (Tapioca) - Variety A,कसावा,Vegetable,872.4,6,179.0,85.8,81.8,"Estimated values — region, variety and management dependent. Validate locally before use."
816,Aloe Vera #16,घृतकुमारी,Other,406.9,13,101.2,54.5,70.1,"Estimated values — region, variety and management dependent. Validate locally before use."
313,Cowpea (Lobia) - Variety A,लोबिया,Pulse,481.5,21,47.8,14.0,20.6,"Estimated values — region, variety and management dependent. Validate locally before use."
359,Rice - High Yielding,धान,Cereal,399.3,20,188.3,52.5,76.0,"Estimated values — region, variety and management dependent. Validate locally before use."
472,Little Millet - Hybrid,सामा,Cereal,318.6,8,162.1,31.2,52.6,"Estimated values — region, variety and management dependent. Validate locally before use."
205,Vanilla - Short Duration,वैनिला,Spice,939.8,14,214.1,49.5,176.7,"Estimated values — region, variety and management dependent. Validate locally before use."
228,Bottle Gourd (Lauki) - Variety A,लौकी,Vegetable,365.4,8,117.7,89.2,156.4,"Estimated values — region, variety and management dependent. Validate locally before use."
482,Finger Millet (Ragi) - Hybrid,रागी,Cereal,398.6,8,89.8,26.2,62.7,"Estimated values — region, variety and management dependent. Validate locally before use."
40,Apricot - Short Duration,खुबानी,Fruit,789.7,13,216.8,159.4,268.3,"Estimated values — region, variety and management dependent. Validate locally before use."
392,Pomegranate - Hybrid,अनार,Fruit,455.8,21,232.8,145.7,113.1,"Estimated values — region, variety and management dependent. Validate locally before use."
111,Ridge Gourd,तोरई,Vegetable,330.2,7,135.6,76.4,94.0,"Estimated values — region, variety and management dependent. Validate locally before use."
833,Honey - Variety A #33,शहद,Other,321.9,16,85.6,44.8,91.4,"Estimated values — region, variety and management dependent. Validate locally before use."
813,Napier - Variety A #13,नेपियर,Fodder,839.3,11,163.4,76.4,129.6,"Estimated values — region, variety and management dependent. Validate locally before use."
963,Jute - Variety A #63,जूट,Fiber,759.6,15,143.3,35.2,116.6,"Estimated values — region, variety and management dependent. Validate locally before use."
422,Capsicum (Bell Pepper) - Hybrid,शिमला मिर्च,Vegetable,624.7,4,238.9,45.5,189.4,"Estimated values — region, variety and management dependent. Validate locally before use."
341,Hemp,भांग,Fiber,569.0,18,175.0,51.5,132.3,"Estimated values — region, variety and management dependent. Validate locally before use."
184,Capsicum (Bell Pepper) - High Yielding,शिमला मिर्च,Vegetable,811.1,10,194.6,82.7,192.7,"Estimated values — region, variety and management dependent. Validate locally before use."
998,Onion - Variety A #98,प्याज,Vegetable,381.1,6,81.1,118.8,74.4,"Estimated values — region, variety and management dependent. Validate locally before use."
423,Peas - Variety A,मटर,Vegetable,319.0,7,110.6,50.8,142.6,"Estimated values — region, variety and management dependent. Validate locally before use."
182,Curry Leaves - Hybrid,करी पत्ता,Herb,382.8,6,61.0,55.8,27.0,"Estimated values — region, variety and management dependent. Validate locally before use."
905,Black Gram (Urad) - Short Duration #5,उड़द,Pulse,309.9,21,22.1,18.0,16.9,"Estimated values — region, variety and management dependent. Validate locally before use."
862,Litchi - Hybrid #62,लिची,Fruit,929.8,10,307.6,140.1,298.7,"Estimated values — region, variety and management dependent. Validate locally before use."
650,Beetroot - Short Duration #50,चुकंदर,Vegetable,772.2,9,80.2,70.9,157.2,"Estimated values — region, variety and management dependent. Validate locally before use."
746,Orange #46,संतरा,Fruit,1129.7,9,182.2,184.2,338.8,"Estimated values — region, variety and management dependent. Validate locally before use."
701,Watermelon #1,तरबूज,Fruit,811.7,17,248.4,92.4,271.1,"Estimated values — region, variety and management dependent. Validate locally before use."
106,Watermelon,तरबूज,Fruit,1319.3,15,286.9,131.9,250.8,"Estimated values — region, variety and management dependent. Validate locally before use."
920,Betel Leaf - Short Duration #20,पान,Cash Crop,844.5,9,95.9,24.8,179.7,"Estimated values — region, variety and management dependent. Validate locally before use."
652,Cauliflower - Hybrid #52,फूलगोभी,Vegetable,360.9,7,214.1,86.2,161.3,"Estimated values — region, variety and management dependent. Validate locally before use."
367,Cotton - Hybrid,कपास,Fiber,503.8,16,168.9,27.1,157.0,"Estimated values — region, variety and management dependent. Validate locally before use."
620,Mango - Short Duration #20,आम,Fruit,1151.5,9,188.5,186.2,168.7,"Estimated values — region, variety and management dependent. Validate locally before use."
906,Green Gram (Moong) #6,मूंग,Pulse,500.5,19,27.8,33.4,13.6,"Estimated values — region, variety and management dependent. Validate locally before use."
316,Basil (Tulsi),तुलसी,Herb,577.4,4,49.3,13.1,31.9,"Estimated values — region, variety and management dependent. Validate locally before use."
43,Tomato - Variety A,टमाटर,Vegetable,467.1,5,228.7,46.0,169.3,"Estimated values — region, variety and management dependent. Validate locally before use."
131,Tobacco,तंबाकू,Cash Crop,208.1,10,35.4,89.2,102.8,"Estimated values — region, variety and management dependent. Validate locally before use."
441,Clove,लौंग,Spice,940.3,15,114.3,61.7,115.4,"Estimated values — region, variety and management dependent. Validate locally before use."
152,Lemon - Hybrid,नींबू,Fruit,1270.4,16,265.3,190.1,206.3,"Estimated values — region, variety and management dependent. Validate locally before use."
589,Foxtail Millet - High Yielding,कुटकी,Cereal,453.2,9,101.5,58.4,22.1,"Estimated values — region, variety and management dependent. Validate locally before use."
37,Pear - Hybrid,नाशपाती,Fruit,1345.6,8,228.5,91.8,221.4,"Estimated values — region, variety and management dependent. Validate locally before use."
153,Grapes - Variety A,अंगूर,Fruit,999.0,17,137.2,89.8,135.6,"Estimated values — region, variety and management dependent. Validate locally before use."
677,Cardamom - Hybrid #77,इलायची,Spice,696.6,16,176.5,114.0,186.5,"Estimated values — region, variety and management dependent. Validate locally before use."
961,Sugarcane #61,गन्ना,Cash Crop,788.3,8,113.8,118.0,99.8,"Estimated values — region, variety and management dependent. Validate locally before use."
602,Barley - Hybrid #2,जौ,Cereal,658.9,15,129.6,55.8,47.5,"Estimated values — region, variety and management dependent. Validate locally before use."
438,Black Pepper - Variety A,काली मिर्च,Spice,980.6,17,160.8,98.6,77.4,"Estimated values — region, variety and management dependent. Validate locally before use."
453,Sesbania - Variety A,सेसबानिया,Fodder,692.0,11,107.2,31.8,67.6,"Estimated values — region, variety and management dependent. Validate locally before use."
786,Black Gram (Urad) #86,उड़द,Pulse,463.0,20,47.4,35.2,18.6,"Estimated values — region, variety and management dependent. Validate locally before use."
269,Pineapple - High Yielding,अनानास,Fruit,1087.0,20,342.7,97.4,209.9,"Estimated values — region, variety and management dependent. Validate locally before use."
134,Mustard / Rapeseed - High Yielding,सरसों,Oilseed,474.5,17,95.3,30.3,79.8,"Estimated values — region, variety and management dependent. Validate locally before use."
342,Stevia - Hybrid,स्टीविया,Other,858.7,8,42.6,44.9,24.1,"Estimated values — region, variety and management dependent. Validate locally before use."
804,Rubber - High Yielding #4,रबर,Plantation,909.7,13,305.7,116.2,188.1,"Estimated values — region, variety and management dependent. Validate locally before use."
46,Onion,प्याज,Vegetable,428.2,7,233.4,53.2,40.3,"Estimated values — region, variety and management dependent. Validate locally before use."
284,Onion - High Yielding,प्याज,Vegetable,376.7,9,220.9,99.1,149.7,"Estimated values — region, variety and management dependent. Validate locally before use."
653,Broccoli - Variety A #53,ब्रोकली,Vegetable,435.3,7,92.5,107.7,87.2,"Estimated values — region, variety and management dependent. Validate locally before use."
949,Proso Millet - High Yielding #49,बासमा,Cereal,405.2,13,155.0,40.7,68.0,"Estimated values — region, variety and management dependent. Validate locally before use."
53,Carrot - Variety A,गाजर,Vegetable,647.4,4,185.3,73.5,133.4,"Estimated values — region, variety and management dependent. Validate locally before use."
822,Pumpkin - Hybrid #22,कद्दू,Vegetable,627.4,9,104.5,94.2,186.3,"Estimated values — region, variety and management dependent. Validate locally before use."
780,Peas - Short Duration #80,मटर,Vegetable,878.2,6,157.0,50.7,106.0,"Estimated values — region, variety and management dependent. Validate locally before use."
978,Banana - Variety A #78,केला,Fruit,752.8,8,264.6,130.8,196.9,"Estimated values — region, variety and management dependent. Validate locally before use."
600,Pearl Millet (Bajra) - Short Duration #100,बाजरा,Cereal,341.6,15,198.0,36.8,77.7,"Estimated values — region, variety and management dependent. Validate locally before use."
209,Rubber - High Yielding,रबर,Plantation,1236.7,28,329.7,102.4,214.3,"Estimated values — region, variety and management dependent. Validate locally before use."
352,Kodo Millet - Hybrid,कोदो,Cereal,528.9,16,156.7,39.9,57.6,"Estimated values — region, variety and management dependent. Validate locally before use."
216,Sunhemp,सनहेम्प,Fodder,727.5,12,158.5,76.3,73.6,"Estimated values — region, variety and management dependent. Validate locally before use."
289,Cassava (Tapioca) - High Yielding,कसावा,Vegetable,825.8,8,102.3,70.1,66.0,"Estimated values — region, variety and management dependent. Validate locally before use."
279,Cherry - High Yielding,चेरी,Fruit,1268.1,17,183.7,99.5,239.5,"Estimated values — region, variety and management dependent. Validate locally before use."
954,Rice - High Yielding #54,धान,Cereal,688.9,11,112.3,48.6,63.6,"Estimated values — region, variety and management dependent. Validate locally before use."
821,Muskmelon #21,खरबूजा,Fruit,572.0,10,134.1,108.6,299.4,"Estimated values — region, variety and management dependent. Validate locally before use."
110,Bitter Gourd (Karela) - Short Duration,करेला,Vegetable,697.8,4,189.3,50.9,113.9,"Estimated values — region, variety and management dependent. Validate locally before use."
119,Honey - High Yielding,शहद,Other,449.6,17,183.4,51.3,188.9,"Estimated values — region, variety and management dependent. Validate locally before use."
942,Bottle Gourd (Lauki) - Hybrid #42,लौकी,Vegetable,683.9,8,132.6,67.8,126.3,"Estimated values — region, variety and management dependent. Validate locally before use."
138,Castor - Variety A,अरंडी,Oilseed,593.0,18,99.7,49.4,70.0,"Estimated values — region, variety and management dependent. Validate locally before use."
107,Muskmelon - Hybrid,खरबूजा,Fruit,642.6,10,168.2,122.8,197.2,"Estimated values — region, variety and management dependent. Validate locally before use."
307,Lentil (Masoor) - Hybrid,मसूर,Pulse,399.9,18,10.8,25.5,17.3,"Estimated values — region, variety and management dependent. Validate locally before use."
973,Coconut - Variety A #73,नारियल,Plantation,1012.6,29,257.2,163.3,263.1,"Estimated values — region, variety and management dependent. Validate locally before use."
9,Sugarcane - High Yielding,गन्ना,Cash Crop,863.5,16,179.4,49.8,46.5,"Estimated values — region, variety and management dependent. Validate locally before use."
823,Bottle Gourd (Lauki) - Variety A #23,लौकी,Vegetable,777.0,9,190.1,116.6,41.8,"Estimated values — region, variety and management dependent. Validate locally before use."
310,Black Gram (Urad) - Short Duration,उड़द,Pulse,407.8,18,49.3,25.2,10.6,"Estimated values — region, variety and management dependent. Validate locally before use."
557,Black Pepper - Hybrid,काली मिर्च,Spice,828.7,13,158.0,90.4,20.2,"Estimated values — region, variety and management dependent. Validate locally before use."
744,Sapota (Chikoo) - High Yielding #44,चीकू,Fruit,443.4,11,190.1,151.5,206.5,"Estimated values — region, variety and management dependent. Validate locally before use."
635,Apricot - Short Duration #35,खुबानी,Fruit,461.8,16,154.7,129.0,100.2,"Estimated values — region, variety and management dependent. Validate locally before use."
292,Radish - Hybrid,मूली,Vegetable,471.0,9,213.2,58.7,78.3,"Estimated values — region, variety and management dependent. Validate locally before use."
379,Areca Nut (Supari) - High Yielding,सुपारी,Plantation,626.5,17,237.3,132.6,161.2,"Estimated values — region, variety and management dependent. Validate locally before use."
890,Cauliflower - Short Duration #90,फूलगोभी,Vegetable,443.6,4,245.9,46.9,84.1,"Estimated values — region, variety and management dependent. Validate locally before use."
630,Pomegranate - Short Duration #30,अनार,Fruit,461.5,10,243.9,197.4,197.1,"Estimated values — region, variety and management dependent. Validate locally before use."
358,Wheat - Variety A,गेहूं,Cereal,356.4,7,114.8,35.4,56.9,"Estimated values — region, variety and management dependent. Validate locally before use."
713,Saffron - Variety A #13,केसरी/जाफरान,Spice,851.7,12,106.9,78.6,103.5,"Estimated values — region, variety and management dependent. Validate locally before use."
621,Banana #21,केला,Fruit,890.6,9,108.7,142.9,161.4,"Estimated values — region, variety and management dependent. Validate locally before use."
519,Tomato - High Yielding,टमाटर,Vegetable,722.3,10,90.6,48.1,179.5,"Estimated values — region, variety and management dependent. Validate locally before use."
663,Cluster Bean (Guar) - Variety A #63,ग्वार,Vegetable,582.6,9,125.1,91.3,102.0,"Estimated values — region, variety and management dependent. Validate locally before use."
551,Cowpea (Lobia),लोबिया,Pulse,423.4,19,52.6,33.6,36.8,"Estimated values — region, variety and management dependent. Validate locally before use."
76,Buckwheat (Kuttu),कुट्टू,Other,973.5,11,83.2,66.0,139.1,"Estimated values — region, variety and management dependent. Validate locally before use."
103,Hemp - Variety A,भांग,Fiber,648.4,13,70.0,70.0,86.7,"Estimated values — region, variety and management dependent. Validate locally before use."
577,Vegetable Soybean - Hybrid,सब्जी सोयाबीन,Vegetable,421.9,10,106.4,66.1,133.8,"Estimated values — region, variety and management dependent. Validate locally before use."
858,Mango - Variety A #58,आम,Fruit,540.7,16,140.3,144.4,109.8,"Estimated values — region, variety and management dependent. Validate locally before use."
10,Cotton - Short Duration,कपास,Fiber,388.3,17,96.5,37.4,49.6,"Estimated values — region, variety and management dependent. Validate locally before use."
75,Cowpea (Lobia) - Short Duration,लोबिया,Pulse,316.9,20,19.7,19.8,35.9,"Estimated values — region, variety and management dependent. Validate locally before use."
952,Honey - Hybrid #52,शहद,Other,288.3,14,131.2,39.9,128.3,"Estimated values — region, variety and management dependent. Validate locally before use."
469,Arrowroot - High Yielding,अरारुट,Other,207.6,9,34.9,103.0,132.5,"Estimated values — region, variety and management dependent. Validate locally before use."
308,Chickpea (Chana) - Variety A,चना,Pulse,293.1,16,10.1,20.6,27.1,"Estimated values — region, variety and management dependent. Validate locally before use."
135,Sesame (Til) - Short Duration,तिल,Oilseed,465.1,15,110.3,28.1,35.1,"Estimated values — region, variety and management dependent. Validate locally before use."
860,Papaya - Short Duration #60,पपीता,Fruit,846.0,16,259.4,181.8,282.0,"Estimated values — region, variety and management dependent. Validate locally before use."
885,Turnip - Short Duration #85,शलजम,Vegetable,433.1,4,183.5,98.0,188.9,"Estimated values — region, variety and management dependent. Validate locally before use."
245,Barley - Short Duration,जौ,Cereal,548.7,17,157.1,21.1,75.7,"Estimated values — region, variety and management dependent. Validate locally before use."
642,Garlic - Hybrid #42,लहसुन,Vegetable,716.1,8,213.8,57.9,134.2,"Estimated values — region, variety and management dependent. Validate locally before use."
210,Bamboo - Short Duration,बांस,Other,710.8,12,39.5,35.7,14.8,"Estimated values — region, variety and management dependent. Validate locally before use."
268,Sapota (Chikoo) - Variety A,चीकू,Fruit,1037.4,17,331.0,134.7,258.8,"Estimated values — region, variety and management dependent. Validate locally before use."
871,Peach #71,आड़ू,Fruit,1268.5,13,187.6,170.7,327.0,"Estimated values — region, variety and management dependent. Validate locally before use."
536,Fenugreek (Methi),मेथी,Leafy Vegetable,448.9,3,117.5,40.9,101.7,"Estimated values — region, variety and management dependent. Validate locally before use."
579,Hemp - High Yielding,भांग,Fiber,751.5,20,98.2,34.7,151.0,"Estimated values — region, variety and management dependent. Validate locally before use."
846,Soybean #46,सोयाबीन,Oilseed,590.3,21,113.2,48.2,22.4,"Estimated values — region, variety and management dependent. Validate locally before use."
969,Sunflower - High Yielding #69,सूरजमुखी,Oilseed,487.5,10,75.6,24.6,52.2,"Estimated values — region, variety and management dependent. Validate locally before use."
84,Clove - High Yielding,लौंग,Spice,585.9,13,165.5,75.4,54.5,"Estimated values — region, variety and management dependent. Validate locally before use."
41,Cherry,चेरी,Fruit,1482.6,8,115.2,159.2,300.1,"Estimated values — region, variety and management dependent. Validate locally before use."
609,Groundnut (Peanut) - High Yielding #9,मूँगफली,Oilseed,435.6,17,66.5,23.6,29.5,"Estimated values — region, variety and management dependent. Validate locally before use."
593,Job's Tears - Variety A,हज़ारमुखी,Cereal,692.6,13,88.3,38.6,36.9,"Estimated values — region, variety and management dependent. Validate locally before use."
854,Coconut - High Yielding #54,नारियल,Plantation,1215.9,14,141.6,178.7,163.5,"Estimated values — region, variety and management dependent. Validate locally before use."
584,Pumpkin - High Yielding,कद्दू,Vegetable,370.8,4,137.0,74.3,123.8,"Estimated values — region, variety and management dependent. Validate locally before use."
123,Sorghum (Jowar) - Variety A,ज्वार,Cereal,502.4,12,81.5,36.8,49.4,"Estimated values — region, variety and management dependent. Validate locally before use."
414,Cauliflower - High Yielding,फूलगोभी,Vegetable,698.5,5,209.5,94.4,135.3,"Estimated values — region, variety and management dependent. Validate locally before use."
241,Maize,मक्का,Cereal,469.2,21,166.5,58.7,56.0,"Estimated values — region, variety and management dependent. Validate locally before use."
724,Cotton - High Yielding #24,कपास,Fiber,359.9,7,160.3,34.9,123.2,"Estimated values — region, variety and management dependent. Validate locally before use."
610,Mustard / Rapeseed - Short Duration #10,सरसों,Oilseed,505.8,21,109.7,21.2,70.2,"Estimated values — region, variety and management dependent. Validate locally before use."
767,Carrot - Hybrid #67,गाजर,Vegetable,433.8,7,136.4,101.4,136.0,"Estimated values — region, variety and management dependent. Validate locally before use."
191,Black Gram (Urad),उड़द,Pulse,435.9,13,34.9,27.5,17.0,"Estimated values — region, variety and management dependent. Validate locally before use."
83,Cinnamon - Variety A,दालचीनी,Spice,764.4,8,169.6,50.0,75.7,"Estimated values — region, variety and management dependent. Validate locally before use."
521,Okra (Bhindi),भिन्डी,Vegetable,593.7,9,133.3,71.1,102.8,"Estimated values — region, variety and management dependent. Validate locally before use."
877,Brinjal (Eggplant) - Hybrid #77,बैंगन,Vegetable,813.0,7,176.0,89.0,198.7,"Estimated values — region, variety and management dependent. Validate locally before use."
806,Mustard Greens #6,सरसों का साग,Leafy Vegetable,790.6,3,67.2,40.8,44.0,"Estimated values — region, variety and management dependent. Validate locally before use."
784,Chickpea (Chana) - High Yielding #84,चना,Pulse,463.1,12,35.2,30.8,19.7,"Estimated values — region, variety and management dependent. Validate locally before use."
515,Plum - Short Duration,आलूबुखारा,Fruit,1214.5,15,143.6,74.0,240.0,"Estimated values — region, variety and management dependent. Validate locally before use."
489,Soybean - High Yielding,सोयाबीन,Oilseed,341.7,14,66.8,24.4,30.0,"Estimated values — region, variety and management dependent. Validate locally before use."
848,Mustard / Rapeseed - Variety A #48,सरसों,Oilseed,362.0,15,78.8,47.5,72.9,"Estimated values — region, variety and management dependent. Validate locally before use."
673,Basil (Tulsi) - Variety A #73,तुलसी,Herb,374.2,6,103.4,28.1,110.2,"Estimated values — region, variety and management dependent. Validate locally before use."
59,Spinach - High Yielding,पालक,Vegetable,722.1,8,247.3,104.6,124.6,"Estimated values — region, variety and management dependent. Validate locally before use."
322,Clove - Hybrid,लौंग,Spice,357.8,13,54.2,80.2,168.0,"Estimated values — region, variety and management dependent. Validate locally before use."
692,Sunhemp - Hybrid #92,सनहेम्प,Fodder,623.1,12,153.9,41.0,59.6,"Estimated values — region, variety and management dependent. Validate locally before use."
556,Ginger,अदरक,Spice,932.7,9,49.3,82.6,150.7,"Estimated values — region, variety and management dependent. Validate locally before use."
594,Saffron - High Yielding,केसरी/जाफरान,Spice,891.4,12,55.5,65.7,86.4,"Estimated values — region, variety and management dependent. Validate locally before use."
838,Pearl Millet (Bajra) - Variety A #38,बाजरा,Cereal,515.4,11,168.0,45.1,63.6,"Estimated values — region, variety and management dependent. Validate locally before use."
223,Stevia - Variety A,स्टीविया,Other,462.8,9,162.0,75.6,62.7,"Estimated values — region, variety and management dependent. Validate locally before use."
304,Peas - High Yielding,मटर,Vegetable,453.6,10,105.4,115.2,137.4,"Estimated values — region, variety and management dependent. Validate locally before use."
717,Maize - Hybrid #17,मक्का,Cereal,380.1,13,198.5,55.7,79.2,"Estimated values — region, variety and management dependent. Validate locally before use."
159,Apricot - High Yielding,खुबानी,Fruit,1139.5,11,244.1,164.5,143.8,"Estimated values — region, variety and management dependent. Validate locally before use."
499,Cashew - High Yielding,काजू,Nut,861.6,13,176.5,65.0,232.4,"Estimated values — region, variety and management dependent. Validate locally before use."
570,Lucerne (Alfalfa) - Short Duration,अल्फाल्फा,Fodder,849.0,8,139.2,26.8,99.9,"Estimated values — region, variety and management dependent. Validate locally before use."
898,Capsicum (Bell Pepper) - Variety A #98,शिमला मिर्च,Vegetable,446.0,6,243.4,76.7,113.7,"Estimated values — region, variety and management dependent. Validate locally before use."
293,Beetroot - Variety A,चुकंदर,Vegetable,879.4,10,159.7,106.8,98.9,"Estimated values — region, variety and management dependent. Validate locally before use."
466,Bottle Gourd (Lauki),लौकी,Vegetable,875.6,7,176.1,119.2,76.1,"Estimated values — region, variety and management dependent. Validate locally before use."
989,Pear - High Yielding #89,नाशपाती,Fruit,984.8,10,148.3,148.5,242.5,"Estimated values — region, variety and management dependent. Validate locally before use."
400,Tomato - Short Duration,टमाटर,Vegetable,826.0,4,130.7,88.2,188.6,"Estimated values — region, variety and management dependent. Validate locally before use."
3,Maize - Variety A,मक्का,Cereal,311.9,10,107.9,44.1,53.7,"Estimated values — region, variety and management dependent. Validate locally before use."
887,Radish - Hybrid #87,मूली,Vegetable,867.4,10,109.8,79.5,41.7,"Estimated values — region, variety and management dependent. Validate locally before use."
169,Colocasia (Arbi) - High Yielding,अरबी,Vegetable,725.9,6,173.6,84.2,54.9,"Estimated values — region, variety and management dependent. Validate locally before use."
726,Tobacco #26,तंबाकू,Cash Crop,252.2,7,73.7,42.0,148.3,"Estimated values — region, variety and management dependent. Validate locally before use."
870,Pear - Short Duration #70,नाशपाती,Fruit,1362.3,18,232.5,84.4,300.6,"Estimated values — region, variety and management dependent. Validate locally before use."
219,Pulses (Mixed) - High Yielding,मिश्रित दालें,Pulse,369.4,13,58.4,38.5,34.7,"Estimated values — region, variety and management dependent. Validate locally before use."
493,Sunflower - Variety A,सूरजमुखी,Oilseed,541.2,15,84.0,32.9,69.4,"Estimated values — region, variety and management dependent. Validate locally before use."
716,Rice #16,धान,Cereal,511.9,13,86.5,54.2,28.2,"Estimated values — region, variety and management dependent. Validate locally before use."
752,Peach - Hybrid #52,आड़ू,Fruit,1072.5,20,271.1,175.8,343.4,"Estimated values — region, variety and management dependent. Validate locally before use."
171,Turnip,शलजम,Vegetable,599.0,9,129.6,96.4,106.5,"Estimated values — region, variety and management dependent. Validate locally before use."
243,Pearl Millet (Bajra) - Variety A,बाजरा,Cereal,638.9,12,181.4,34.7,65.8,"Estimated values — region, variety and management dependent. Validate locally before use."
981,Litchi #81,लिची,Fruit,1318.7,9,144.7,54.7,126.8,"Estimated values — region, variety and management dependent. Validate locally before use."
16,Sesame (Til),तिल,Oilseed,380.3,13,131.3,37.0,63.1,"Estimated values — region, variety and management dependent. Validate locally before use."
554,Basil (Tulsi) - High Yielding,तुलसी,Herb,280.9,6,108.2,31.1,106.2,"Estimated values — region, variety and management dependent. Validate locally before use."
668,Green Gram (Moong) - Variety A #68,मूंग,Pulse,406.8,18,44.4,38.1,27.2,"Estimated values — region, variety and management dependent. Validate locally before use."
52,Turnip - Hybrid,शलजम,Vegetable,705.1,5,148.6,115.3,131.1,"Estimated values — region, variety and management dependent. Validate locally before use."
990,Peach - Short Duration #90,आड़ू,Fruit,1442.3,15,287.3,112.3,126.4,"Estimated values — region, variety and management dependent. Validate locally before use."
564,Tea - High Yielding,चाय,Plantation,1479.3,11,377.6,173.2,232.7,"Estimated values — region, variety and management dependent. Validate locally before use."
454,Sunhemp - High Yielding,सनहेम्प,Fodder,684.9,8,139.9,59.3,122.2,"Estimated values — region, variety and management dependent. Validate locally before use."
78,Basil (Tulsi) - Variety A,तुलसी,Herb,271.4,8,23.8,51.8,48.0,"Estimated values — region, variety and management dependent. Validate locally before use."
256,Safflower,कुर्कुम,Oilseed,386.8,11,40.8,42.4,30.5,"Estimated values — region, variety and management dependent. Validate locally before use."
913,Ginger - Variety A #13,अदरक,Spice,662.7,12,164.1,21.2,57.9,"Estimated values — region, variety and management dependent. Validate locally before use."
718,Sorghum (Jowar) - Variety A #18,ज्वार,Cereal,357.3,20,165.9,51.2,49.3,"Estimated values — region, variety and management dependent. Validate locally before use."
188,Lentil (Masoor) - Variety A,मसूर,Pulse,299.9,14,55.2,11.4,33.9,"Estimated values — region, variety and management dependent. Validate locally before use."
830,Proso Millet - Short Duration #30,बासमा,Cereal,339.3,18,149.7,58.1,41.4,"Estimated values — region, variety and management dependent. Validate locally before use."
144,Mango - High Yielding,आम,Fruit,459.0,9,302.8,192.4,121.3,"Estimated values — region, variety and management dependent. Validate locally before use."
967,Mustard / Rapeseed - Hybrid #67,सरसों,Oilseed,442.6,19,55.5,43.1,34.9,"Estimated values — region, variety and management dependent. Validate locally before use."
815,Vegetable Soybean - Short Duration #15,सब्जी सोयाबीन,Vegetable,406.8,6,174.9,86.0,76.4,"Estimated values — region, variety and management dependent. Validate locally before use."
706,Ridge Gourd #6,तोरई,Vegetable,598.4,6,124.1,73.5,102.1,"Estimated values — region, variety and management dependent. Validate locally before use."
924,Bamboo - High Yielding #24,बांस,Other,467.7,12,84.9,71.3,163.9,"Estimated values — region, variety and management dependent. Validate locally before use."
255,Sunflower - Short Duration,सूरजमुखी,Oilseed,302.3,14,134.5,43.0,65.8,"Estimated values — region, variety and management dependent. Validate locally before use."
112,Arrowroot - Hybrid,अरारुट,Other,903.7,11,155.4,101.5,57.9,"Estimated values — region, variety and management dependent. Validate locally before use."
348,Bitter Gourd (Karela) - Variety A,करेला,Vegetable,375.1,6,184.5,47.5,142.6,"Estimated values — region, variety and management dependent. Validate locally before use."
413,Cabbage - Variety A,पत्तागोभी,Vegetable,524.2,9,173.4,77.7,126.0,"Estimated values — region, variety and management dependent. Validate locally before use."
63,Curry Leaves - Variety A,करी पत्ता,Herb,305.6,11,45.1,73.6,15.6,"Estimated values — region, variety and management dependent. Validate locally before use."
101,Vegetable Soybean,सब्जी सोयाबीन,Vegetable,463.0,6,231.8,46.4,64.1,"Estimated values — region, variety and management dependent. Validate locally before use."
662,French Beans - Hybrid #62,फ्रेंच बीन्स,Vegetable,682.9,4,160.5,49.2,165.6,"Estimated values — region, variety and management dependent. Validate locally before use."
670,Cowpea (Lobia) - Short Duration #70,लोबिया,Pulse,400.6,18,50.0,30.3,28.6,"Estimated values — region, variety and management dependent. Validate locally before use."
690,Napier Grass - Short Duration #90,नेपियर घास,Fodder,859.0,8,103.8,69.4,100.6,"Estimated values — region, variety and management dependent. Validate locally before use."
56,Cabbage,पत्तागोभी,Vegetable,861.4,4,157.9,119.9,199.4,"Estimated values — region, variety and management dependent. Validate locally before use."
479,Maize - High Yielding,मक्का,Cereal,538.2,19,119.2,45.4,67.0,"Estimated values — region, variety and management dependent. Validate locally before use."
421,Chilli (Hot Pepper),मिर्च,Spice,822.1,16,53.1,62.4,146.1,"Estimated values — region, variety and management dependent. Validate locally before use."
756,Strawberry #56,स्ट्रॉबेरी,Fruit,1360.5,15,230.8,155.1,123.8,"Estimated values — region, variety and management dependent. Validate locally before use."
363,Finger Millet (Ragi) - Variety A,रागी,Cereal,498.0,21,181.1,46.9,37.1,"Estimated values — region, variety and management dependent. Validate locally before use."
442,Nutmeg - Hybrid,जायफल,Spice,571.9,11,76.6,84.7,186.0,"Estimated values — region, variety and management dependent. Validate locally before use."
675,Ginger - Short Duration #75,अदरक,Spice,899.6,15,122.5,107.3,161.6,"Estimated values — region, variety and management dependent. Validate locally before use."
947,Kodo Millet - Hybrid #47,कोदो,Cereal,302.9,12,102.6,55.3,46.2,"Estimated values — region, variety and management dependent. Validate locally before use."
97,Sunhemp - Hybrid,सनहेम्प,Fodder,875.0,12,158.0,63.2,100.6,"Estimated values — region, variety and management dependent. Validate locally before use."
195,Buckwheat (Kuttu) - Short Duration,कुट्टू,Other,876.2,10,199.9,103.9,30.3,"Estimated values — region, variety and management dependent. Validate locally before use."
417,Fenugreek (Methi) - Hybrid,मेथी,Leafy Vegetable,568.3,4,99.2,51.2,31.6,"Estimated values — region, variety and management dependent. Validate locally before use."
710,Little Millet - Short Duration #10,सामा,Cereal,523.3,11,91.7,25.1,35.5,"Estimated values — region, variety and management dependent. Validate locally before use."
249,Jute - High Yielding,जूट,Fiber,641.8,13,127.2,40.5,84.4,"Estimated values — region, variety and management dependent. Validate locally before use."
485,Sugarcane - Short Duration,गन्ना,Cash Crop,349.9,14,120.3,66.4,29.6,"Estimated values — region, variety and management dependent. Validate locally before use."
591,Little Millet,सामा,Cereal,466.5,18,118.4,53.0,54.3,"Estimated values — region, variety and management dependent. Validate locally before use."
585,Bottle Gourd (Lauki) - Short Duration,लौकी,Vegetable,457.8,8,186.7,79.7,121.7,"Estimated values — region, variety and management dependent. Validate locally before use."
136,Sunflower,सूरजमुखी,Oilseed,336.2,13,71.6,42.3,77.1,"Estimated values — region, variety and management dependent. Validate locally before use."
754,Apricot - High Yielding #54,खुबानी,Fruit,469.7,17,178.6,155.7,269.5,"Estimated values — region, variety and management dependent. Validate locally before use."
220,Vegetable Soybean - Short Duration,सब्जी सोयाबीन,Vegetable,355.0,5,189.1,87.8,43.4,"Estimated values — region, variety and management dependent. Validate locally before use."
768,Radish - Variety A #68,मूली,Vegetable,730.0,6,201.7,49.1,161.5,"Estimated values — region, variety and management dependent. Validate locally before use."
686,Bamboo #86,बांस,Other,553.4,21,168.3,91.5,154.3,"Estimated values — region, variety and management dependent. Validate locally before use."
286,Potato,आलू,Vegetable,485.3,5,138.1,101.3,70.7,"Estimated values — region, variety and management dependent. Validate locally before use."
244,Finger Millet (Ragi) - High Yielding,रागी,Cereal,529.6,19,131.5,42.4,66.0,"Estimated values — region, variety and management dependent. Validate locally before use."
527,Cassava (Tapioca) - Hybrid,कसावा,Vegetable,632.9,7,129.1,55.0,174.7,"Estimated values — region, variety and management dependent. Validate locally before use."
729,Mustard / Rapeseed - High Yielding #29,सरसों,Oilseed,575.5,16,41.9,26.7,79.1,"Estimated values — region, variety and management dependent. Validate locally before use."
339,Vegetable Soybean - High Yielding,सब्जी सोयाबीन,Vegetable,442.0,7,84.5,84.3,99.0,"Estimated values — region, variety and management dependent. Validate locally before use."
873,Apricot - Variety A #73,खुबानी,Fruit,655.8,20,121.0,139.7,235.9,"Estimated values — region, variety and management dependent. Validate locally before use."
70,Chickpea (Chana) - Short Duration,चना,Pulse,371.9,19,47.5,37.8,17.1,"Estimated values — region, variety and management dependent. Validate locally before use."
875,Strawberry - Short Duration #75,स्ट्रॉबेरी,Fruit,529.6,7,193.8,80.8,301.1,"Estimated values — region, variety and management dependent. Validate locally before use."
61,Coriander,धनिया,Herb,253.7,5,109.0,62.0,27.1,"Estimated values — region, variety and management dependent. Validate locally before use."
647,Turnip - Hybrid #47,शलजम,Vegetable,747.2,5,139.0,65.6,141.8,"Estimated values — region, variety and management dependent. Validate locally before use."
725,Jute - Short Duration #25,जूट,Fiber,539.4,9,76.4,50.2,76.7,"Estimated values — region, variety and management dependent. Validate locally before use."
73,Green Gram (Moong) - Variety A,मूंग,Pulse,330.0,21,15.4,36.2,35.8,"Estimated values — region, variety and management dependent. Validate locally before use."
8,Oats - Variety A,जई,Cereal,483.8,8,196.8,35.1,53.1,"Estimated values — region, variety and management dependent. Validate locally before use."
968,Sesame (Til) - Variety A #68,तिल,Oilseed,450.0,20,101.9,47.9,79.8,"Estimated values — region, variety and management dependent. Validate locally before use."
735,Coconut - Short Duration #35,नारियल,Plantation,1021.6,28,148.3,154.1,286.8,"Estimated values — region, variety and management dependent. Validate locally before use."
236,Job's Tears,हज़ारमुखी,Cereal,435.6,14,127.8,49.2,38.8,"Estimated values — region, variety and management dependent. Validate locally before use."
568,Mustard Greens - Variety A,सरसों का साग,Leafy Vegetable,770.6,3,177.2,59.5,50.2,"Estimated values — region, variety and management dependent. Validate locally before use."
603,Oats - Variety A #3,जई,Cereal,599.2,16,91.5,25.3,69.2,"Estimated values — region, variety and management dependent. Validate locally before use."
22,Areca Nut (Supari) - Hybrid,सुपारी,Plantation,1994.6,23,190.4,160.6,382.7,"Estimated values — region, variety and management dependent. Validate locally before use."
347,Bottle Gourd (Lauki) - Hybrid,लौकी,Vegetable,470.4,4,122.6,90.8,128.1,"Estimated values — region, variety and management dependent. Validate locally before use."
828,Kodo Millet - Variety A #28,कोदो,Cereal,619.9,20,86.5,50.0,79.4,"Estimated values — region, variety and management dependent. Validate locally before use."
231,Arrowroot,अरारुट,Other,769.9,14,33.2,18.9,125.6,"Estimated values — region, variety and management dependent. Validate locally before use."
254,Sesame (Til) - High Yielding,तिल,Oilseed,458.1,14,44.5,31.9,56.0,"Estimated values — region, variety and management dependent. Validate locally before use."
124,Pearl Millet (Bajra) - High Yielding,बाजरा,Cereal,473.4,12,156.3,53.1,62.4,"Estimated values — region, variety and management dependent. Validate locally before use."
463,Watermelon - Variety A,तरबूज,Fruit,418.9,20,274.5,114.6,334.9,"Estimated values — region, variety and management dependent. Validate locally before use."
530,Radish - Short Duration,मूली,Vegetable,549.4,10,155.5,53.4,130.5,"Estimated values — region, variety and management dependent. Validate locally before use."
449,Mustard Greens - High Yielding,सरसों का साग,Leafy Vegetable,687.8,6,119.9,58.9,50.8,"Estimated values — region, variety and management dependent. Validate locally before use."
832,Saffron - Hybrid #32,केसरी/जाफरान,Spice,522.5,14,99.1,85.9,144.8,"Estimated values — region, variety and management dependent. Validate locally before use."
972,Linseed (Flax) - Hybrid #72,अलसी,Oilseed,517.3,14,129.9,34.6,46.3,"Estimated values — region, variety and management dependent. Validate locally before use."
688,Maize(Fodder) - Variety A #88,चारे का मक्का,Fodder,653.4,7,184.9,51.5,108.2,"Estimated values — region, variety and management dependent. Validate locally before use."
845,Tobacco - Short Duration #45,तंबाकू,Cash Crop,312.3,9,52.2,114.4,135.3,"Estimated values — region, variety and management dependent. Validate locally before use."
320,Cardamom - Short Duration,इलायची,Spice,580.0,14,201.0,58.7,195.3,"Estimated values — region, variety and management dependent. Validate locally before use."
731,Sunflower #31,सूरजमुखी,Oilseed,495.2,10,77.5,39.2,66.3,"Estimated values — region, variety and management dependent. Validate locally before use."
206,Betel Leaf,पान,Cash Crop,843.4,14,193.3,25.5,193.6,"Estimated values — region, variety and management dependent. Validate locally before use."
707,Arrowroot - Hybrid #7,अरारुट,Other,228.3,18,199.1,99.8,75.2,"Estimated values — region, variety and management dependent. Validate locally before use."
939,Watermelon - High Yielding #39,तरबूज,Fruit,757.7,14,216.8,180.6,333.7,"Estimated values — region, variety and management dependent. Validate locally before use."
785,Pigeon Pea (Tur/Arhar) - Short Duration #85,अरहर/तुअर,Pulse,284.6,15,38.1,27.5,38.3,"Estimated values — region, variety and management dependent. Validate locally before use."
867,Grapes - Hybrid #67,अंगूर,Fruit,1076.2,7,319.4,129.7,288.1,"Estimated values — region, variety and management dependent. Validate locally before use."
434,Amaranth (Chaulai) - High Yielding,चौलाई,Leafy Vegetable,370.1,5,85.1,75.0,77.6,"Estimated values — region, variety and management dependent. Validate locally before use."
622,Papaya - Hybrid #22,पपीता,Fruit,724.6,13,320.7,121.9,121.9,"Estimated values — region, variety and management dependent. Validate locally before use."
541,Capsicum (Bell Pepper),शिमला मिर्च,Vegetable,473.6,6,241.9,81.2,184.0,"Estimated values — region, variety and management dependent. Validate locally before use."
856,Cashew #56,काजू,Nut,814.6,17,238.5,87.8,185.3,"Estimated values — region, variety and management dependent. Validate locally before use."
170,Cassava (Tapioca) - Short Duration,कसावा,Vegetable,895.4,4,158.4,49.4,173.1,"Estimated values — region, variety and management dependent. Validate locally before use."
563,Betel Leaf - Variety A,पान,Cash Crop,650.6,16,137.0,58.4,147.3,"Estimated values — region, variety and management dependent. Validate locally before use."
487,Jute - Hybrid,जूट,Fiber,561.9,11,126.2,66.8,127.0,"Estimated values — region, variety and management dependent. Validate locally before use."
676,Black Pepper #76,काली मिर्च,Spice,736.1,15,180.7,31.3,46.9,"Estimated values — region, variety and management dependent. Validate locally before use."
132,Soybean - Hybrid,सोयाबीन,Oilseed,527.4,21,87.6,41.4,46.9,"Estimated values — region, variety and management dependent. Validate locally before use."
129,Cotton - High Yielding,कपास,Fiber,365.8,20,112.0,49.3,82.6,"Estimated values — region, variety and management dependent. Validate locally before use."
546,Chickpea (Chana),चना,Pulse,272.7,11,30.1,32.5,30.8,"Estimated values — region, variety and management dependent. Validate locally before use."
71,Pigeon Pea (Tur/Arhar),अरहर/तुअर,Pulse,298.8,12,54.1,10.7,32.1,"Estimated values — region, variety and management dependent. Validate locally before use."
498,Areca Nut (Supari) - Variety A,सुपारी,Plantation,1996.2,12,310.9,160.0,385.9,"Estimated values — region, variety and management dependent. Validate locally before use."
750,Apple - Short Duration #50,सेब,Fruit,1199.1,20,139.8,112.4,247.7,"Estimated values — region, variety and management dependent. Validate locally before use."
88,Tea - Variety A,चाय,Plantation,899.2,22,342.2,242.0,320.8,"Estimated values — region, variety and management dependent. Validate locally before use."
934,Vegetable Soybean - High Yielding #34,सब्जी सोयाबीन,Vegetable,426.3,7,97.5,45.1,180.6,"Estimated values — region, variety and management dependent. Validate locally before use."
866,Lemon #66,नींबू,Fruit,1152.8,20,137.4,64.4,219.0,"Estimated values — region, variety and management dependent. Validate locally before use."
247,Sugarcane - Hybrid,गन्ना,Cash Crop,937.2,12,21.1,105.7,117.6,"Estimated values — region, variety and management dependent. Validate locally before use."
60,Fenugreek (Methi) - Short Duration,मेथी,Leafy Vegetable,633.9,7,94.9,59.8,113.9,"Estimated values — region, variety and management dependent. Validate locally before use."
246,Oats,जई,Cereal,631.8,11,83.5,30.9,65.7,"Estimated values — region, variety and management dependent. Validate locally before use."
315,Amaranth (Chaulai) - Short Duration,चौलाई,Leafy Vegetable,647.7,8,77.3,28.1,91.6,"Estimated values — region, variety and management dependent. Validate locally before use."
372,Mustard / Rapeseed - Hybrid,सरसों,Oilseed,597.2,21,124.3,37.8,50.4,"Estimated values — region, variety and management dependent. Validate locally before use."
809,Napier Grass - High Yielding #9,नेपियर घास,Fodder,855.7,10,142.3,50.5,98.4,"Estimated values — region, variety and management dependent. Validate locally before use."
20,Linseed (Flax) - Short Duration,अलसी,Oilseed,452.9,11,115.6,45.8,29.2,"Estimated values — region, variety and management dependent. Validate locally before use."
501,Mango,आम,Fruit,677.9,9,278.8,168.4,118.5,"Estimated values — region, variety and management dependent. Validate locally before use."
332,Lucerne (Alfalfa) - Hybrid,अल्फाल्फा,Fodder,413.0,7,139.8,43.2,107.4,"Estimated values — region, variety and management dependent. Validate locally before use."
614,Castor - High Yielding #14,अरंडी,Oilseed,330.6,12,52.1,21.9,66.9,"Estimated values — region, variety and management dependent. Validate locally before use."
1,Wheat,गेहूं,Cereal,555.8,7,169.0,29.8,28.4,"Estimated values — region, variety and management dependent. Validate locally before use."
544,Cluster Bean (Guar) - High Yielding,ग्वार,Vegetable,387.7,6,220.8,100.9,148.2,"Estimated values — region, variety and management dependent. Validate locally before use."
553,Amaranth (Chaulai) - Variety A,चौलाई,Leafy Vegetable,362.1,4,116.2,20.0,115.8,"Estimated values — region, variety and management dependent. Validate locally before use."
166,Garlic,लहसुन,Vegetable,412.5,6,185.8,79.9,110.7,"Estimated values — region, variety and management dependent. Validate locally before use."
799,Nutmeg - High Yielding #99,जायफल,Spice,708.8,11,41.0,66.6,188.7,"Estimated values — region, variety and management dependent. Validate locally before use."
383,Banana - Variety A,केला,Fruit,1143.5,20,280.2,146.5,273.3,"Estimated values — region, variety and management dependent. Validate locally before use."
835,Rice - Short Duration #35,धान,Cereal,410.7,12,96.1,49.3,72.7,"Estimated values — region, variety and management dependent. Validate locally before use."
974,Areca Nut (Supari) - High Yielding #74,सुपारी,Plantation,1053.2,21,197.1,216.3,374.3,"Estimated values — region, variety and management dependent. Validate locally before use."
895,Mint - Short Duration #95,पुदीना,Herb,270.0,12,30.6,15.1,42.4,"Estimated values — region, variety and management dependent. Validate locally before use."
797,Cinnamon - Hybrid #97,दालचीनी,Spice,614.2,17,53.4,116.2,152.3,"Estimated values — region, variety and management dependent. Validate locally before use."
1000,Potato - Short Duration #100,आलू,Vegetable,632.2,8,177.0,85.7,55.1,"Estimated values — region, variety and management dependent. Validate locally before use."
306,Cluster Bean (Guar),ग्वार,Vegetable,551.9,10,185.9,45.0,173.9,"Estimated values — region, variety and management dependent. Validate locally before use."
641,Onion #41,प्याज,Vegetable,683.6,7,190.4,53.9,195.0,"Estimated values — region, variety and management dependent. Validate locally before use."
109,Bottle Gourd (Lauki) - High Yielding,लौकी,Vegetable,376.6,8,170.8,112.6,134.7,"Estimated values — region, variety and management dependent. Validate locally before use."
520,Brinjal (Eggplant) - Short Duration,बैंगन,Vegetable,412.2,6,113.5,49.1,147.3,"Estimated values — region, variety and management dependent. Validate locally before use."
183,Chilli (Hot Pepper) - Variety A,मिर्च,Spice,628.6,11,100.9,89.3,137.0,"Estimated values — region, variety and management dependent. Validate locally before use."
781,French Beans #81,फ्रेंच बीन्स,Vegetable,720.0,9,167.1,107.4,127.6,"Estimated values — region, variety and management dependent. Validate locally before use."
513,Pear - Variety A,नाशपाती,Fruit,897.7,8,175.1,171.5,128.8,"Estimated values — region, variety and management dependent. Validate locally before use."
931,Sorghum (forage) #31,ज्वार (चारा),Fodder,597.7,12,185.0,76.3,129.7,"Estimated values — region, variety and management dependent. Validate locally before use."
737,Cashew - Hybrid #37,काजू,Nut,517.7,10,252.6,89.7,214.0,"Estimated values — region, variety and management dependent. Validate locally before use."
740,Banana - Short Duration #40,केला,Fruit,763.7,7,103.2,63.4,127.6,"Estimated values — region, variety and management dependent. Validate locally before use."
4,Sorghum (Jowar) - High Yielding,ज्वार,Cereal,586.4,18,145.4,28.8,55.4,"Estimated values — region, variety and management dependent. Validate locally before use."
909,Buckwheat (Kuttu) - High Yielding #9,कुट्टू,Other,904.8,16,176.4,64.0,197.0,"Estimated values — region, variety and management dependent. Validate locally before use."
162,Tomato - Hybrid,टमाटर,Vegetable,492.6,4,225.8,66.4,151.0,"Estimated values — region, variety and management dependent. Validate locally before use."
446,Coffee,कॉफ़ी,Plantation,1869.8,16,388.0,53.1,381.1,"Estimated values — region, variety and management dependent. Validate locally before use."
932,Napier - Hybrid #32,नेपियर,Fodder,660.5,12,126.2,31.0,42.8,"Estimated values — region, variety and management dependent. Validate locally before use."
999,Garlic - High Yielding #99,लहसुन,Vegetable,488.9,10,219.7,95.2,84.2,"Estimated values — region, variety and management dependent. Validate locally before use."
956,Sorghum (Jowar) #56,ज्वार,Cereal,614.3,14,199.8,38.5,67.5,"Estimated values — region, variety and management dependent. Validate locally before use."
657,Mint - Hybrid #57,पुदीना,Herb,442.9,10,35.7,17.1,32.6,"Estimated values — region, variety and management dependent. Validate locally before use."
788,Horse Gram - Variety A #88,कुल्थी,Pulse,451.1,13,23.3,33.6,39.5,"Estimated values — region, variety and management dependent. Validate locally before use."
900,French Beans - Short Duration #100,फ्रेंच बीन्स,Vegetable,773.2,5,195.1,58.4,90.5,"Estimated values — region, variety and management dependent. Validate locally before use."
769,Beetroot - High Yielding #69,चुकंदर,Vegetable,433.0,6,140.4,90.7,168.0,"Estimated values — region, variety and management dependent. Validate locally before use."
937,Stevia - Hybrid #37,स्टीविया,Other,447.5,10,152.8,58.7,34.0,"Estimated values — region, variety and management dependent. Validate locally before use."
699,Stevia - High Yielding #99,स्टीविया,Other,401.6,14,74.4,67.3,128.5,"Estimated values — region, variety and management dependent. Validate locally before use."
118,Saffron - Variety A,केसरी/जाफरान,Spice,844.5,9,213.6,30.8,24.6,"Estimated values — region, variety and management dependent. Validate locally before use."
739,Mango - High Yielding #39,आम,Fruit,576.4,15,224.1,81.2,333.3,"Estimated values — region, variety and management dependent. Validate locally before use."
831,Job's Tears #31,हज़ारमुखी,Cereal,568.5,10,92.0,44.8,74.0,"Estimated values — region, variety and management dependent. Validate locally before use."
12,Tobacco - Hybrid,तंबाकू,Cash Crop,330.1,12,57.7,39.4,188.0,"Estimated values — region, variety and management dependent. Validate locally before use."
567,Bamboo - Hybrid,बांस,Other,267.4,15,128.2,89.3,64.1,"Estimated values — region, variety and management dependent. Validate locally before use."
258,Linseed (Flax) - Variety A,अलसी,Oilseed,406.3,16,126.2,21.3,21.1,"Estimated values — region, variety and management dependent. Validate locally before use."
542,Peas - Hybrid,मटर,Vegetable,789.1,5,243.7,102.9,187.0,"Estimated values — region, variety and management dependent. Validate locally before use."
480,Sorghum (Jowar) - Short Duration,ज्वार,Cereal,480.2,10,122.7,57.6,45.9,"Estimated values — region, variety and management dependent. Validate locally before use."
964,Tobacco - High Yielding #64,तंबाकू,Cash Crop,359.0,21,29.4,83.3,194.9,"Estimated values — region, variety and management dependent. Validate locally before use."
391,Grapes,अंगूर,Fruit,1165.8,9,127.3,161.1,159.8,"Estimated values — region, variety and management dependent. Validate locally before use."
395,Peach - Short Duration,आड़ू,Fruit,923.3,17,149.9,194.6,180.3,"Estimated values — region, variety and management dependent. Validate locally before use."
66,Peas,मटर,Vegetable,305.8,4,240.7,95.3,63.8,"Estimated values — region, variety and management dependent. Validate locally before use."
611,Sesame (Til) #11,तिल,Oilseed,398.3,11,111.1,49.1,43.8,"Estimated values — region, variety and management dependent. Validate locally before use."
957,Pearl Millet (Bajra) - Hybrid #57,बाजरा,Cereal,432.1,20,170.1,25.8,36.0,"Estimated values — region, variety and management dependent. Validate locally before use."
697,Aloe Vera - Hybrid #97,घृतकुमारी,Other,206.8,11,129.5,113.7,145.4,"Estimated values — region, variety and management dependent. Validate locally before use."
812,Sorghum (forage) - Hybrid #12,ज्वार (चारा),Fodder,506.6,11,193.7,32.3,139.4,"Estimated values — region, variety and management dependent. Validate locally before use."
959,Barley - High Yielding #59,जौ,Cereal,626.9,20,81.5,59.0,62.9,"Estimated values — region, variety and management dependent. Validate locally before use."
643,Potato - Variety A #43,आलू,Vegetable,405.2,6,204.8,63.6,68.4,"Estimated values — region, variety and management dependent. Validate locally before use."
157,Peach - Hybrid,आड़ू,Fruit,875.2,12,250.9,53.9,157.2,"Estimated values — region, variety and management dependent. Validate locally before use."
113,Foxtail Millet - Variety A,कुटकी,Cereal,332.8,7,169.9,22.1,77.1,"Estimated values — region, variety and management dependent. Validate locally before use."
49,Sweet Potato - High Yielding,शकरकन्द,Vegetable,478.0,4,178.5,83.4,159.7,"Estimated values — region, variety and management dependent. Validate locally before use."
774,Fenugreek (Methi) - High Yielding #74,मेथी,Leafy Vegetable,616.6,8,138.3,66.3,65.1,"Estimated values — region, variety and management dependent. Validate locally before use."
94,Lucerne (Alfalfa) - High Yielding,अल्फाल्फा,Fodder,785.0,6,184.5,33.1,136.5,"Estimated values — region, variety and management dependent. Validate locally before use."
506,Sapota (Chikoo),चीकू,Fruit,1482.0,17,261.7,195.0,182.9,"Estimated values — region, variety and management dependent. Validate locally before use."
522,Onion - Hybrid,प्याज,Vegetable,368.5,6,223.7,89.4,170.2,"Estimated values — region, variety and management dependent. Validate locally before use."
142,Cashew - Hybrid,काजू,Nut,878.7,17,120.6,36.2,287.0,"Estimated values — region, variety and management dependent. Validate locally before use."
882,Sweet Potato - Hybrid #82,शकरकन्द,Vegetable,605.0,10,137.5,84.0,151.5,"Estimated values — region, variety and management dependent. Validate locally before use."
926,Maize(Fodder) #26,चारे का मक्का,Fodder,499.5,7,216.7,37.1,79.0,"Estimated values — region, variety and management dependent. Validate locally before use."
409,Turnip - High Yielding,शलजम,Vegetable,515.7,5,90.6,49.5,89.1,"Estimated values — region, variety and management dependent. Validate locally before use."
598,Maize - Variety A #98,मक्का,Cereal,393.2,12,156.3,47.7,20.6,"Estimated values — region, variety and management dependent. Validate locally before use."
439,Cardamom - High Yielding,इलायची,Spice,591.4,9,94.0,38.4,116.8,"Estimated values — region, variety and management dependent. Validate locally before use."
599,Sorghum (Jowar) - High Yielding #99,ज्वार,Cereal,434.0,19,158.9,54.0,63.6,"Estimated values — region, variety and management dependent. Validate locally before use."
765,Cassava (Tapioca) - Short Duration #65,कसावा,Vegetable,662.5,8,188.4,111.2,130.0,"Estimated values — region, variety and management dependent. Validate locally before use."
270,Orange - Short Duration,संतरा,Fruit,915.8,17,175.7,91.2,114.0,"Estimated values — region, variety and management dependent. Validate locally before use."
552,Buckwheat (Kuttu) - Hybrid,कुट्टू,Other,809.8,7,37.9,96.2,97.3,"Estimated values — region, variety and management dependent. Validate locally before use."
975,Cashew - Short Duration #75,काजू,Nut,954.5,9,196.9,83.9,260.3,"Estimated values — region, variety and management dependent. Validate locally before use."
763,Sweet Potato - Variety A #63,शकरकन्द,Vegetable,568.2,4,246.7,99.6,42.8,"Estimated values — region, variety and management dependent. Validate locally before use."
253,Mustard / Rapeseed - Variety A,सरसों,Oilseed,334.1,16,51.1,40.3,55.6,"Estimated values — region, variety and management dependent. Validate locally before use."
993,Cherry - Variety A #93,चेरी,Fruit,574.0,16,210.8,102.8,178.8,"Estimated values — region, variety and management dependent. Validate locally before use."
272,Grapes - Hybrid,अंगूर,Fruit,715.8,17,316.1,178.3,253.8,"Estimated values — region, variety and management dependent. Validate locally before use."
147,Guava - Hybrid,अमरुद,Fruit,1047.4,13,176.3,143.2,252.4,"Estimated values — region, variety and management dependent. Validate locally before use."
470,Foxtail Millet - Short Duration,कुटकी,Cereal,432.5,20,196.9,55.8,75.1,"Estimated values — region, variety and management dependent. Validate locally before use."
659,Chilli (Hot Pepper) - High Yielding #59,मिर्च,Spice,497.1,10,57.3,59.3,118.9,"Estimated values — region, variety and management dependent. Validate locally before use."
406,Sweet Potato,शकरकन्द,Vegetable,352.0,9,96.2,118.5,116.4,"Estimated values — region, variety and management dependent. Validate locally before use."
512,Apple - Hybrid,सेब,Fruit,627.6,14,187.1,64.6,280.5,"Estimated values — region, variety and management dependent. Validate locally before use."
672,Amaranth (Chaulai) - Hybrid #72,चौलाई,Leafy Vegetable,405.9,4,68.9,45.4,118.8,"Estimated values — region, variety and management dependent. Validate locally before use."
218,Napier - Variety A,नेपियर,Fodder,449.7,10,147.1,78.7,83.0,"Estimated values — region, variety and management dependent. Validate locally before use."
323,Nutmeg - Variety A,जायफल,Spice,681.8,12,58.5,52.8,73.2,"Estimated values — region, variety and management dependent. Validate locally before use."
736,Areca Nut (Supari) #36,सुपारी,Plantation,1581.0,20,352.6,71.0,315.6,"Estimated values — region, variety and management dependent. Validate locally before use."
581,Moringa (Drumstick),सहजन/मोरिंगा,Vegetable,744.4,4,82.2,51.0,41.8,"Estimated values — region, variety and management dependent. Validate locally before use."
217,Sorghum (forage) - Hybrid,ज्वार (चारा),Fodder,745.1,8,130.9,77.0,142.7,"Estimated values — region, variety and management dependent. Validate locally before use."
68,Cluster Bean (Guar) - Variety A,ग्वार,Vegetable,485.0,10,245.3,43.2,97.2,"Estimated values — region, variety and management dependent. Validate locally before use."
275,Pear - Short Duration,नाशपाती,Fruit,923.2,9,339.4,117.6,302.7,"Estimated values — region, variety and management dependent. Validate locally before use."
411,Radish,मूली,Vegetable,714.2,9,235.7,63.6,138.3,"Estimated values — region, variety and management dependent. Validate locally before use."
324,Vanilla - High Yielding,वैनिला,Spice,612.1,18,116.7,89.0,83.3,"Estimated values — region, variety and management dependent. Validate locally before use."
825,Ridge Gourd - Short Duration #25,तोरई,Vegetable,622.3,4,131.8,99.9,184.6,"Estimated values — region, variety and management dependent. Validate locally before use."
983,Pineapple - Variety A #83,अनानास,Fruit,978.4,18,247.6,57.4,155.2,"Estimated values — region, variety and management dependent. Validate locally before use."
842,Sugarcane - Hybrid #42,गन्ना,Cash Crop,378.6,19,126.1,104.3,35.4,"Estimated values — region, variety and management dependent. Validate locally before use."
235,Proso Millet - Short Duration,बासमा,Cereal,520.5,20,105.8,38.1,33.7,"Estimated values — region, variety and management dependent. Validate locally before use."
58,Broccoli - Variety A,ब्रोकली,Vegetable,341.3,5,142.8,52.6,173.4,"Estimated values — region, variety and management dependent. Validate locally before use."
795,Black Pepper - Short Duration #95,काली मिर्च,Spice,457.9,17,166.8,84.8,155.9,"Estimated values — region, variety and management dependent. Validate locally before use."
787,Green Gram (Moong) - Hybrid #87,मूंग,Pulse,504.2,10,36.1,10.8,14.4,"Estimated values — region, variety and management dependent. Validate locally before use."
864,Pineapple - High Yielding #64,अनानास,Fruit,1154.2,21,213.4,138.6,157.5,"Estimated values — region, variety and management dependent. Validate locally before use."
333,Napier Grass - Variety A,नेपियर घास,Fodder,530.9,9,172.6,32.9,113.4,"Estimated values — region, variety and management dependent. Validate locally before use."
702,Muskmelon - Hybrid #2,खरबूजा,Fruit,929.9,12,347.1,146.1,315.4,"Estimated values — region, variety and management dependent. Validate locally before use."
225,Watermelon - Short Duration,तरबूज,Fruit,1353.1,9,103.7,168.5,159.5,"Estimated values — region, variety and management dependent. Validate locally before use."
571,Napier Grass,नेपियर घास,Fodder,697.0,5,217.9,76.0,55.8,"Estimated values — region, variety and management dependent. Validate locally before use."
705,Bitter Gourd (Karela) - Short Duration #5,करेला,Vegetable,660.0,9,134.3,51.2,44.1,"Estimated values — region, variety and management dependent. Validate locally before use."
656,Coriander #56,धनिया,Herb,594.1,11,90.5,40.2,81.9,"Estimated values — region, variety and management dependent. Validate locally before use."
277,Plum - Hybrid,आलूबुखारा,Fruit,1178.4,14,231.0,141.5,191.0,"Estimated values — region, variety and management dependent. Validate locally before use."
389,Orange - High Yielding,संतरा,Fruit,716.4,18,119.8,188.6,264.0,"Estimated values — region, variety and management dependent. Validate locally before use."
474,Job's Tears - High Yielding,हज़ारमुखी,Cereal,534.8,19,178.5,52.8,75.7,"Estimated values — region, variety and management dependent. Validate locally before use."
168,Sweet Potato - Variety A,शकरकन्द,Vegetable,719.0,4,84.9,90.4,167.9,"Estimated values — region, variety and management dependent. Validate locally before use."
995,Tomato - Short Duration #95,टमाटर,Vegetable,795.7,6,183.4,85.1,74.2,"Estimated values — region, variety and management dependent. Validate locally before use."
747,Lemon - Hybrid #47,नींबू,Fruit,695.1,18,123.2,172.2,145.7,"Estimated values — region, variety and management dependent. Validate locally before use."
547,Pigeon Pea (Tur/Arhar) - Hybrid,अरहर/तुअर,Pulse,513.2,17,57.5,19.8,10.1,"Estimated values — region, variety and management dependent. Validate locally before use."
176,Cauliflower,फूलगोभी,Vegetable,696.0,10,105.3,83.1,95.2,"Estimated values — region, variety and management dependent. Validate locally before use."
908,Cowpea (Lobia) - Variety A #8,लोबिया,Pulse,537.4,17,28.6,19.5,36.9,"Estimated values — region, variety and management dependent. Validate locally before use."
624,Litchi - High Yielding #24,लिची,Fruit,1093.8,19,235.9,52.9,195.6,"Estimated values — region, variety and management dependent. Validate locally before use."
74,Horse Gram - High Yielding,कुल्थी,Pulse,316.7,17,27.5,34.6,36.1,"Estimated values — region, variety and management dependent. Validate locally before use."
664,Lentil (Masoor) - High Yielding #64,मसूर,Pulse,361.3,16,28.5,23.4,17.9,"Estimated values — region, variety and management dependent. Validate locally before use."
700,Moringa (Drumstick) - Short Duration #100,सहजन/मोरिंगा,Vegetable,650.7,4,167.0,93.0,174.9,"Estimated values — region, variety and management dependent. Validate locally before use."
971,Castor #71,अरंडी,Oilseed,527.0,17,113.3,20.6,42.7,"Estimated values — region, variety and management dependent. Validate locally before use."
274,Apple - High Yielding,सेब,Fruit,445.1,21,302.5,147.8,180.4,"Estimated values — region, variety and management dependent. Validate locally before use."
687,Mustard Greens - Hybrid #87,सरसों का साग,Leafy Vegetable,733.6,3,127.3,29.5,51.1,"Estimated values — region, variety and management dependent. Validate locally before use."
215,Sesbania - Short Duration,सेसबानिया,Fodder,748.2,11,154.0,63.6,146.2,"Estimated values — region, variety and management dependent. Validate locally before use."
364,Barley - High Yielding,जौ,Cereal,303.3,8,131.7,55.3,63.7,"Estimated values — region, variety and management dependent. Validate locally before use."
380,Cashew - Short Duration,काजू,Nut,901.8,22,272.0,118.3,93.7,"Estimated values — region, variety and management dependent. Validate locally before use."
167,Potato - Hybrid,आलू,Vegetable,331.0,6,173.4,114.2,110.1,"Estimated values — region, variety and management dependent. Validate locally before use."
374,Sunflower - High Yielding,सूरजमुखी,Oilseed,410.5,20,51.0,32.5,38.5,"Estimated values — region, variety and management dependent. Validate locally before use."
855,Areca Nut (Supari) - Short Duration #55,सुपारी,Plantation,861.7,18,288.6,213.4,298.3,"Estimated values — region, variety and management dependent. Validate locally before use."
651,Cabbage #51,पत्तागोभी,Vegetable,881.5,7,163.8,70.3,127.4,"Estimated values — region, variety and management dependent. Validate locally before use."
465,Pumpkin - Short Duration,कद्दू,Vegetable,615.9,10,140.3,103.6,52.6,"Estimated values — region, variety and management dependent. Validate locally before use."
955,Maize - Short Duration #55,मक्का,Cereal,393.1,9,81.8,28.7,45.2,"Estimated values — region, variety and management dependent. Validate locally before use."
948,Little Millet - Variety A #48,सामा,Cereal,400.0,18,168.5,35.6,42.7,"Estimated values — region, variety and management dependent. Validate locally before use."
104,Stevia - High Yielding,स्टीविया,Other,815.8,18,23.5,106.9,119.4,"Estimated values — region, variety and management dependent. Validate locally before use."
888,Beetroot - Variety A #88,चुकंदर,Vegetable,810.3,10,168.1,55.6,165.4,"Estimated values — region, variety and management dependent. Validate locally before use."
979,Papaya - High Yielding #79,पपीता,Fruit,976.5,14,291.4,73.1,170.8,"Estimated values — region, variety and management dependent. Validate locally before use."
876,Tomato #76,टमाटर,Vegetable,545.3,4,106.3,92.1,80.6,"Estimated values — region, variety and management dependent. Validate locally before use."
82,Cardamom - Hybrid,इलायची,Spice,555.0,8,210.8,112.1,132.2,"Estimated values — region, variety and management dependent. Validate locally before use."
297,Spinach - Hybrid,पालक,Vegetable,726.8,8,224.7,62.8,162.1,"Estimated values — region, variety and management dependent. Validate locally before use."
792,Basil (Tulsi) - Hybrid #92,तुलसी,Herb,295.0,8,89.3,13.3,52.0,"Estimated values — region, variety and management dependent. Validate locally before use."
234,Little Millet - High Yielding,सामा,Cereal,339.7,18,93.7,46.2,72.7,"Estimated values — region, variety and management dependent. Validate locally before use."
678,Cinnamon - Variety A #78,दालचीनी,Spice,693.9,8,181.4,106.7,178.4,"Estimated values — region, variety and management dependent. Validate locally before use."
47,Garlic - Hybrid,लहसुन,Vegetable,534.3,10,213.5,62.8,151.5,"Estimated values — region, variety and management dependent. Validate locally before use."
72,Black Gram (Urad) - Hybrid,उड़द,Pulse,349.7,16,50.1,35.9,34.3,"Estimated values — region, variety and management dependent. Validate locally before use."
722,Oats - Hybrid #22,जई,Cereal,471.6,14,126.0,21.5,32.0,"Estimated values — region, variety and management dependent. Validate locally before use."
197,Basil (Tulsi) - Hybrid,तुलसी,Herb,591.2,10,47.4,49.6,85.4,"Estimated values — region, variety and management dependent. Validate locally before use."
592,Proso Millet - Hybrid,बासमा,Cereal,347.8,17,188.2,27.2,68.3,"Estimated values — region, variety and management dependent. Validate locally before use."
371,Groundnut (Peanut),मूँगफली,Oilseed,567.9,12,72.8,38.4,29.8,"Estimated values — region, variety and management dependent. Validate locally before use."
883,Colocasia (Arbi) - Variety A #83,अरबी,Vegetable,724.1,5,146.1,90.9,168.7,"Estimated values — region, variety and management dependent. Validate locally before use."
907,Horse Gram - Hybrid #7,कुल्थी,Pulse,273.5,20,34.6,10.2,35.7,"Estimated values — region, variety and management dependent. Validate locally before use."
634,Plum - High Yielding #34,आलूबुखारा,Fruit,1291.4,14,235.5,76.3,109.5,"Estimated values — region, variety and management dependent. Validate locally before use."
644,Sweet Potato - High Yielding #44,शकरकन्द,Vegetable,301.1,9,241.3,71.3,199.1,"Estimated values — region, variety and management dependent. Validate locally before use."
850,Sunflower - Short Duration #50,सूरजमुखी,Oilseed,548.9,21,66.3,36.3,30.4,"Estimated values — region, variety and management dependent. Validate locally before use."
301,Curry Leaves,करी पत्ता,Herb,211.3,5,103.9,55.5,97.1,"Estimated values — region, variety and management dependent. Validate locally before use."
566,Rubber,रबर,Plantation,1092.1,20,208.1,78.0,183.1,"Estimated values — region, variety and management dependent. Validate locally before use."
81,Black Pepper,काली मिर्च,Spice,864.6,17,169.5,94.2,140.7,"Estimated values — region, variety and management dependent. Validate locally before use."
388,Pineapple - Variety A,अनानास,Fruit,834.0,12,338.7,170.7,172.6,"Estimated values — region, variety and management dependent. Validate locally before use."
128,Sugarcane - Variety A,गन्ना,Cash Crop,560.6,19,103.6,77.1,82.0,"Estimated values — region, variety and management dependent. Validate locally before use."
550,Horse Gram - Short Duration,कुल्थी,Pulse,497.5,17,23.4,34.9,20.1,"Estimated values — region, variety and management dependent. Validate locally before use."
471,Kodo Millet,कोदो,Cereal,391.9,21,184.2,55.5,48.5,"Estimated values — region, variety and management dependent. Validate locally before use."
748,Grapes - Variety A #48,अंगूर,Fruit,840.9,14,168.0,107.9,312.7,"Estimated values — region, variety and management dependent. Validate locally before use."
45,Okra (Bhindi) - Short Duration,भिन्डी,Vegetable,881.4,10,224.3,53.3,117.7,"Estimated values — region, variety and management dependent. Validate locally before use."
827,Foxtail Millet - Hybrid #27,कुटकी,Cereal,373.6,16,180.2,27.8,30.9,"Estimated values — region, variety and management dependent. Validate locally before use."
271,Lemon,नींबू,Fruit,958.1,11,215.4,55.6,192.2,"Estimated values — region, variety and management dependent. Validate locally before use."
619,Almond - High Yielding #19,बादाम,Nut,1324.1,20,260.8,77.4,86.5,"Estimated values — region, variety and management dependent. Validate locally before use."
353,Little Millet - Variety A,सामा,Cereal,415.9,11,138.0,52.2,61.1,"Estimated values — region, variety and management dependent. Validate locally before use."
868,Pomegranate - Variety A #68,अनार,Fruit,502.5,17,132.6,140.5,306.9,"Estimated values — region, variety and management dependent. Validate locally before use."
368,Jute - Variety A,जूट,Fiber,566.6,19,217.9,53.5,83.9,"Estimated values — region, variety and management dependent. Validate locally before use."
100,Pulses (Mixed) - Short Duration,मिश्रित दालें,Pulse,395.4,13,23.7,12.3,18.6,"Estimated values — region, variety and management dependent. Validate locally before use."
390,Lemon - Short Duration,नींबू,Fruit,1222.1,10,150.5,130.8,333.3,"Estimated values — region, variety and management dependent. Validate locally before use."
95,Napier Grass - Short Duration,नेपियर घास,Fodder,748.0,12,68.0,35.0,141.8,"Estimated values — region, variety and management dependent. Validate locally before use."
991,Plum #91,आलूबुखारा,Fruit,1102.5,12,268.6,155.4,206.8,"Estimated values — region, variety and management dependent. Validate locally before use."
345,Muskmelon - Short Duration,खरबूजा,Fruit,1355.0,20,131.0,73.0,141.2,"Estimated values — region, variety and management dependent. Validate locally before use."
782,Cluster Bean (Guar) - Hybrid #82,ग्वार,Vegetable,488.3,9,239.0,90.6,72.1,"Estimated values — region, variety and management dependent. Validate locally before use."
221,Aloe Vera,घृतकुमारी,Other,829.4,10,198.0,96.6,49.0,"Estimated values — region, variety and management dependent. Validate locally before use."
160,Cherry - Short Duration,चेरी,Fruit,970.9,14,329.0,77.2,246.3,"Estimated values — region, variety and management dependent. Validate locally before use."
965,Soybean - Short Duration #65,सोयाबीन,Oilseed,370.8,16,72.5,25.0,36.6,"Estimated values — region, variety and management dependent. Validate locally before use."
349,Ridge Gourd - High Yielding,तोरई,Vegetable,655.1,8,106.2,92.7,155.3,"Estimated values — region, variety and management dependent. Validate locally before use."
984,Orange - High Yielding #84,संतरा,Fruit,1189.6,7,332.6,81.3,222.9,"Estimated values — region, variety and management dependent. Validate locally before use."
715,Wheat - Short Duration #15,गेहूं,Cereal,328.5,21,103.3,24.8,60.8,"Estimated values — region, variety and management dependent. Validate locally before use."
164,Okra (Bhindi) - High Yielding,भिन्डी,Vegetable,488.7,6,99.7,101.8,178.4,"Estimated values — region, variety and management dependent. Validate locally before use."
826,Arrowroot #26,अरारुट,Other,475.1,13,183.0,103.7,37.1,"Estimated values — region, variety and management dependent. Validate locally before use."
778,Chilli (Hot Pepper) - Variety A #78,मिर्च,Spice,372.5,17,148.1,108.3,110.7,"Estimated values — region, variety and management dependent. Validate locally before use."
7,Barley - Hybrid,जौ,Cereal,338.7,20,121.3,30.6,22.6,"Estimated values — region, variety and management dependent. Validate locally before use."
891,Broccoli #91,ब्रोकली,Vegetable,539.7,9,147.2,86.9,122.8,"Estimated values — region, variety and management dependent. Validate locally before use."
829,Little Millet - High Yielding #29,सामा,Cereal,519.5,17,146.0,31.6,24.0,"Estimated values — region, variety and management dependent. Validate locally before use."
285,Garlic - Short Duration,लहसुन,Vegetable,615.8,9,194.0,80.7,42.9,"Estimated values — region, variety and management dependent. Validate locally before use."
604,Sugarcane - High Yielding #4,गन्ना,Cash Crop,259.9,16,31.2,82.9,34.8,"Estimated values — region, variety and management dependent. Validate locally before use."
460,Hemp - Short Duration,भांग,Fiber,470.3,14,119.7,57.1,120.0,"Estimated values — region, variety and management dependent. Validate locally before use."
226,Muskmelon,खरबूजा,Fruit,756.1,9,166.3,69.0,205.2,"Estimated values — region, variety and management dependent. Validate locally before use."
430,Green Gram (Moong) - Short Duration,मूंग,Pulse,531.2,21,48.3,11.0,29.8,"Estimated values — region, variety and management dependent. Validate locally before use."
987,Pomegranate - Hybrid #87,अनार,Fruit,1306.0,11,232.3,160.1,308.6,"Estimated values — region, variety and management dependent. Validate locally before use."
719,Pearl Millet (Bajra) - High Yielding #19,बाजरा,Cereal,552.4,9,117.6,22.3,47.1,"Estimated values — region, variety and management dependent. Validate locally before use."
666,Pigeon Pea (Tur/Arhar) #66,अरहर/तुअर,Pulse,458.9,11,14.3,20.3,26.2,"Estimated values — region, variety and management dependent. Validate locally before use."
734,Linseed (Flax) - High Yielding #34,अलसी,Oilseed,375.8,21,55.3,40.9,57.8,"Estimated values — region, variety and management dependent. Validate locally before use."
204,Nutmeg - High Yielding,जायफल,Spice,980.0,15,130.3,47.3,49.6,"Estimated values — region, variety and management dependent. Validate locally before use."
575,Napier - Short Duration,नेपियर,Fodder,756.3,11,127.8,44.1,116.9,"Estimated values — region, variety and management dependent. Validate locally before use."
28,Guava - Variety A,अमरुद,Fruit,983.4,7,249.7,123.3,128.0,"Estimated values — region, variety and management dependent. Validate locally before use."
617,Areca Nut (Supari) - Hybrid #17,सुपारी,Plantation,1996.0,13,372.7,138.7,138.6,"Estimated values — region, variety and management dependent. Validate locally before use."
518,Strawberry - Variety A,स्ट्रॉबेरी,Fruit,1051.4,13,101.1,82.2,169.6,"Estimated values — region, variety and management dependent. Validate locally before use."
239,Wheat - High Yielding,गेहूं,Cereal,449.1,9,146.8,43.5,53.7,"Estimated values — region, variety and management dependent. Validate locally before use."
224,Moringa (Drumstick) - High Yielding,सहजन/मोरिंगा,Vegetable,890.4,5,171.8,103.9,57.6,"Estimated values — region, variety and management dependent. Validate locally before use."
96,Sesbania,सेसबानिया,Fodder,628.2,12,166.8,79.3,111.5,"Estimated values — region, variety and management dependent. Validate locally before use."
31,Pineapple,अनानास,Fruit,1236.7,19,131.4,149.0,336.7,"Estimated values — region, variety and management dependent. Validate locally before use."
33,Lemon - Variety A,नींबू,Fruit,993.2,18,272.5,156.9,199.7,"Estimated values — region, variety and management dependent. Validate locally before use."
433,Buckwheat (Kuttu) - Variety A,कुट्टू,Other,521.8,10,117.2,93.0,157.5,"Estimated values — region, variety and management dependent. Validate locally before use."
605,Cotton - Short Duration #5,कपास,Fiber,510.4,20,110.4,68.0,124.1,"Estimated values — region, variety and management dependent. Validate locally before use."
90,Rubber - Short Duration,रबर,Plantation,1745.8,14,308.4,94.9,159.7,"Estimated values — region, variety and management dependent. Validate locally before use."
559,Cinnamon - High Yielding,दालचीनी,Spice,305.6,12,187.1,118.8,96.0,"Estimated values — region, variety and management dependent. Validate locally before use."
914,Black Pepper - High Yielding #14,काली मिर्च,Spice,706.7,12,105.1,106.2,53.7,"Estimated values — region, variety and management dependent. Validate locally before use."
759,Okra (Bhindi) - High Yielding #59,भिन्डी,Vegetable,686.0,5,165.9,77.5,119.3,"Estimated values — region, variety and management dependent. Validate locally before use."
693,Sorghum (forage) - Variety A #93,ज्वार (चारा),Fodder,847.2,6,105.6,43.2,59.5,"Estimated values — region, variety and management dependent. Validate locally before use."
105,Moringa (Drumstick) - Short Duration,सहजन/मोरिंगा,Vegetable,586.2,6,130.8,71.2,182.7,"Estimated values — region, variety and management dependent. Validate locally before use."
755,Cherry - Short Duration #55,चेरी,Fruit,1244.3,16,280.9,83.6,338.9,"Estimated values — region, variety and management dependent. Validate locally before use."
143,Almond - Variety A,बादाम,Nut,877.7,9,168.2,38.9,218.5,"Estimated values — region, variety and management dependent. Validate locally before use."
229,Bitter Gourd (Karela) - High Yielding,करेला,Vegetable,845.3,9,168.6,76.6,194.2,"Estimated values — region, variety and management dependent. Validate locally before use."
251,Soybean,सोयाबीन,Oilseed,346.7,19,45.0,22.4,46.6,"Estimated values — region, variety and management dependent. Validate locally before use."
282,Brinjal (Eggplant) - Hybrid,बैंगन,Vegetable,486.1,9,198.7,71.4,135.2,"Estimated values — region, variety and management dependent. Validate locally before use."
760,Onion - Short Duration #60,प्याज,Vegetable,399.2,10,163.6,59.3,195.2,"Estimated values — region, variety and management dependent. Validate locally before use."
26,Banana,केला,Fruit,1403.9,20,256.3,176.3,226.9,"Estimated values — region, variety and management dependent. Validate locally before use."
115,Little Millet - Short Duration,सामा,Cereal,679.8,10,180.7,44.9,34.3,"Estimated values — region, variety and management dependent. Validate locally before use."
655,Fenugreek (Methi) - Short Duration #55,मेथी,Leafy Vegetable,666.0,7,191.3,78.7,53.8,"Estimated values — region, variety and management dependent. Validate locally before use."
